T0,T1,T2,T3,T4,T5,T6,T7,T8,T9,T10,T11,T12,T13,T14,T15,T16,T17,T18,T19,T20,T21,T22,T23,T24,T25,T26,T27,T28,T29,T30,T31,T32,T33,T34,T35,T36,T37,T38,T39,T40,T41,T42,T43,T44,T45,T46,T47,T48,T49,T50,T51,T52,T53,T54,T55,T56,T57,T58,T59,T60,T61,T62,T63,T64,T65,T66,T67,T68,T69,T70,T71,T72,T73,T74,T75,T76,T77,T78,T79,T80,T81,T82,T83,T84,T85,T86,T87,T88,T89,T90,T91,T92,T93,T94,T95,T96,T97,T98,T99,T100,T101,T102,T103,T104,T105,T106,T107,T108,T109,T110,T111,T112,T113,T114,T115,T116,T117,T118,T119,T120,T121,T122,T123,T124,T125,T126,T127,T128,T129,T130,T131,T132,T133,T134,T135,T136,T137,T138,T139,T140,T141,T142,T143,T144,T145,T146,T147,T148,T149,T150,T151,T152,T153,T154,T155,T156,T157,T158,T159,T160
0.0547563251413964,0.006464068023024612,0.0079729036518417,0.04315883212430972,0.030743275634869137,0.03998516477758696,0.02930873071931679,0.016811209903747223,0.02837353207637113,0.013127176567009808,0.023739883702560378,0.009258159470467184,0.015646508948050235,-0.010295731484785605,0.003750487814972183,0.031081389054782395,0.032513581643360726,0.032421327813413614,0.03285051373778791,0.0026532857765694364,-0.0013397679594129622,0.016868144325886424,-0.0008633238614443358,0.007992354012651899,0.014783494309054323,-0.00896412034778258,0.033377654894434255,0.011704553806522508,0.007970154560280685,-0.004880574865107413,0.022901122062791688,0.03937749206515788,0.058440373859018326,0.04393730899675262,0.03995886919985503,-0.0006062508053809853,0.015463358754045703,0.0016873752312494892,0.009498091573452858,0.033526901510301924,0.0168767362830748,-0.01252754219590704,-0.0078039190543331555,-0.01758541360898906,0.004680925061737795,5.646742278006397e-05,0.004655878200570758,0.004506243632366754,-0.007524982545708182,-0.002085069389616953,0.018073623639140345,0.03324616798392359,0.030230655009394175,0.02758395831934678,0.017537927921850514,-0.0025067459527628273,-0.014104239979904376,-0.05279251369133116,-0.014337510856989408,-0.020466502143450686,0.011154736500113926,0.019159091436428514,-0.0016114817809044345,-0.0005614573304110048,-0.0016327806339078883,-0.002180168431753938,0.008597101775821268,0.03372274207013092,0.03753139495493537,0.05126749403144333,0.04051235888213984,0.06018956812504962,0.0431838468124701,0.06271548572345975,0.039638024975053185,0.040870730625347504,0.03428599602898647,0.03155811967692383,0.023139163499971232,0.0238557298320762,0.024810220206082405,0.03534328756196855,0.03522728990608439,0.028729228210059764,0.01823577550602043,0.0006854582039199613,0.0037541153082296013,-0.020806651084348572,0.01572673152456176,0.01332180876481078,0.024000929101857006,0.0241895115034979,0.04079070855662784,0.011133011931124426,0.03247597669487016,-0.020482791992618772,-0.01559618880964959,-0.012031093394051588,0.016110183989828476,0.01629304680622889,0.011443168633316552,0.005640070010493591,-0.022707212854109534,-0.03497976346903329,-0.032144145147593874,-0.025225738229853568,-0.04360451379449911,-0.0011494099787347097,0.013149040452801802,0.011481417593057257,-0.006324302868530628,0.005665099528139613,0.015284712154906515,0.025873013884099887,0.037626445606567,0.013682902876232644,-0.005907141871825861,-0.0025300069275968383,0.008746642357478292,0.0042711716777651025,0.0063731911131057195,-0.00301394356865643,-0.015594978350213973,-0.011936502300639053,0.013116736336148746,0.004877063218179839,0.005704150828121656,0.026348738928554282,0.035974819074864106,0.040296839547576374,0.01864082688114363,0.0042420786435429765,0.011256083129296175,0.005017442621447869,0.026461008997760334,0.013583325936544655,-0.015313018054556541,0.016662706664148225,-0.01283072692941932,-0.019244151903139946,-0.021622993689433323,-0.025364244170019378,-0.036447795826543276,-0.030178507346357762,-0.014352461251589302,-0.005253710677187428,0.029404082839574186,-0.010755222762833033,-0.003571652324809438,-0.03795496954238155,-0.008795653426920737,0.003380204819697569,0.0221585149299467,0.05941572402233312,0.04750317508329374,0.054321996979017614,0.01833922294438513,0.034392388046375594,0.04077262184728374,0.0422237035792525,0.016753212140248896
-0.03765967751866025,-0.010124849184352431,-0.020644750548350847,-0.027193968724259627,-0.032647302359659694,-0.011531099113827156,0.0011795268601830743,0.004268388039294836,0.006829271258378367,0.0002699377086699442,0.019999925731118615,0.02472132412124663,0.004549728059455775,0.031431607440001286,0.022521181339967437,-0.0019460978219861917,-0.013238789211888294,-0.03490810919483126,-0.03911706502939769,-0.04136259361865581,-0.05053139140933478,0.0021292301050922957,0.0052916327871732356,-0.0020450435404239234,0.012965394635017035,0.02067732010373306,0.03149083425947436,-0.010789152972409777,-0.01243459097909601,-0.04316206961799694,-0.03762041421821225,-0.04694999326096225,-0.042085387606775604,-0.04932369398736851,-0.050570483997313155,-0.04965513682216378,-0.01681121881590245,-0.002995891761301603,-0.004249233885983189,-0.013266190593990798,-0.01502036981461943,-0.03527072530322314,-0.04750660226993399,-0.018171573450186194,-0.04099499355249207,-0.014806700997533673,-0.015923502975676667,0.030738130523812062,0.058905748479480644,0.0449296943646169,0.0842631529976839,0.06644502120387275,0.051263212762757505,0.06917079602723537,0.04650956259350944,0.04226125418715012,0.013754690900904625,0.05215752919997595,0.020035980194515093,0.01761473955920409,0.014998939228179362,0.008521571091717878,0.009971472566065233,-0.005206515618209664,0.012966177421040448,0.012458244804666629,0.024407560091678732,0.04095160486857313,0.03588826568788971,-0.010305387290750609,-0.010719831089141799,-0.017816515014463304,-0.0019648405325190473,0.010969966568147697,0.011610683505981587,-0.0010806562536637145,-0.0019968208634710966,-0.02479434391579039,-0.00015589976258646444,-0.01611405833874647,-0.007130304470781642,-0.0012560630828657346,-0.00869528779676848,0.0012892259849842963,0.006694101190375635,0.0019297796531810795,0.018579413379534525,0.03233408455855861,0.00018752048353560673,0.0066720210173932554,0.010168003291625382,0.006509927917008197,-0.043281718884329176,0.0015501141774350406,-0.010890316697775643,-0.006774464174988393,-0.02586078511598967,0.005840428257716336,0.027229346913795194,0.030247408357254434,0.023916489441999,0.05920395101572444,0.03489903605261786,0.04172226492033582,0.044594385153683934,0.011593247145458532,0.000884588924492459,-0.0017416907022855415,-0.009788046234949397,0.015249700190055605,0.004605935326284028,-0.0037668621080410524,-0.025737234425526036,-0.020792888150959515,-0.022914922276870732,-0.014795535487670892,-0.006530795900429461,-0.05510974299205936,-0.041849454447408826,-0.016517377778544354,-0.0065118633366429615,0.0036174174879043007,0.0018175817917517544,-0.017744537294805258,-0.028191748099548174,-0.016156211936552457,-0.028651750053605797,-0.0004289920944418477,-0.02239364667810282,0.0037486109285773195,-0.0004458871640373202,-0.008683538522221949,-0.005074229636341239,-0.015452100245933905,0.017035947395520064,-0.004919434889846216,-0.017816790943104566,0.00717390960284382,0.008398909597495936,0.009239988815169613,0.022553512737580664,0.02179017960206891,0.014068795605243078,0.020224537566560584,0.018217026691189138,0.020344505775948964,0.01843924811468252,0.011062351614525614,0.023043189551657014,0.013934806823981887,0.009615584616714776,0.011620881467346553,0.026897418227314406,0.0030582945033978967,0.02021492882252567,0.015606155172568092,0.009263427802046836,-0.005774206808117471,0.018927695830781736,0.03574098162088877,0.022830369700698825
-0.033254160031685645,-0.01698611381519165,-0.03339414044914881,0.015579889132273261,0.014549240000623808,0.029912332108322892,-0.0004054430023456358,0.0051995329335052815,-0.016693134681328197,-0.006347135047936894,-0.006095003602468389,-0.005173931403419548,-0.005124620263167989,-0.018154797766708815,-0.025578987587098756,0.009352585926458512,0.018767511038558563,-0.009625079311172121,0.004745058710291283,0.013194739346018544,0.014260097731085003,-0.005154713376819241,-0.00813596934096669,-0.025005540246739615,-0.05267953579113467,-0.06959092660247558,-0.052678293894983894,-0.03496519110946198,-0.009516171156441528,0.007110304895280498,0.005831090777893897,0.010807901770512057,0.013525498739447365,-0.010487878095796812,-0.0242594688780695,-0.003620829143574725,0.015246523106386967,0.005868131212959036,0.005885088701872312,-0.0053669058134376444,-0.027993751912974135,-0.04478262322767414,-0.019085147523810457,-0.017279578651527967,-0.026455924943421315,-0.014938676298961433,0.004079757022648876,0.029106568278138716,-0.007817712807112924,-0.013192441600813736,-0.041989626866039104,-0.032418166233053644,-0.024229133971714344,-0.048323435384090056,-0.03744868565914076,-0.04821781796161548,-0.044975988384199986,-0.03131971527555782,-0.005964152925146246,-0.009179096851352521,0.02052725021907793,0.05140015978258239,0.05830782334063454,0.0525174506411345,0.05419096913461019,0.031155548318765835,0.03982622797949922,-0.0007509999853597876,-0.02277776275329933,-0.02683434641856951,-0.035787629090158576,-0.010990139310305602,0.012625943689156382,0.028573037706033182,0.011457913948010545,-0.005323406723572758,-0.035584984644239225,-0.02429090174580557,-0.014847596441933633,0.004820684363920099,0.01768949186934411,-0.00017439044563473993,0.019725622913825826,0.005461490930565693,0.048363684746605184,0.04611333404843989,0.06892654514102761,0.03374332186523245,0.0473448319809993,0.01803664542031059,0.01787068196390776,0.028852314766916486,0.033627256428143064,-0.01839289811891378,-0.008849471512990356,0.0027589274053508215,-0.0031716439430697447,0.002305179453443343,-0.00522275615593278,-0.011489531937002048,-0.0018125863820169074,-0.012041221635574686,0.007348461851703308,-0.010530492074543285,0.009428505466247192,0.008565741320275147,0.0024032327701724544,-0.012564580193510843,0.002271857577381131,-0.014083580292656994,-0.01557141975362794,-0.017905210635688833,0.022284551219678036,-0.025011320884282852,-0.004245946874905799,-0.005999645580089425,-0.012038238302438001,-0.03529016680065198,0.006736766781006887,-0.0014784972051851476,0.013507673384829258,-0.001297346691799405,-0.005685426033469746,-0.0218708547818113,-0.015863501318263654,-0.03644350082979768,-0.02124760336618047,-0.04239653783862269,-0.03505817686760436,-0.008349377332827573,-0.0035597092056713665,0.0049714952965073085,0.004676704950976702,0.00817197866057183,0.030265728077050368,-0.008312219258773835,0.007557555761755314,0.02572574994211496,-0.0022393518264075913,-0.014061228818897122,-0.020534628542177007,-0.013784202439802034,-0.0022330005929637907,-0.019574660789196053,-0.010922847961549426,-0.005364112765389542,0.0003509119867066236,0.004024051785796201,0.01770016168804972,-0.012244723537060315,0.01783875023653608,0.022727582832968142,-0.010524958923146038,-0.024252933650476694,-0.025190541587669545,-0.012766022517377212,-0.013636177152927507,-0.0123633428930086,-0.014766458925538328,-0.01322135221023737,-0.03727139032387491
0.004628584495978251,0.001977987906541531,-0.005633422675198588,-0.018383082753246217,-0.008674548078668224,-0.00491871687038177,-0.005537413077420117,0.0020744624762019585,0.002221445617886867,0.014653194566315825,0.038634662066781976,0.026423247789114434,0.03392077488857345,-0.007801957565458222,-0.05064092787711129,-0.011299398539229214,-0.02449629000478867,-0.004048552644798256,0.0026099050232673755,-0.010854518003441607,0.0051413732851039425,-0.0150167488160382,-0.026456570977290438,-0.019135029752607374,-0.00425496951195131,-0.008611160835859537,0.03174954067300805,-0.005636151047347009,-0.021195340976037,-0.023561506719971165,-0.020611508569369393,-0.05336730371033306,-0.046996050021140025,-0.03191956100416576,-0.024281958083959186,0.0036878984649492417,0.015187907976495562,-0.015382321490400091,-0.017748865177108768,-0.03413226979397337,-0.0203555983726531,-0.01945875760627256,-0.016338562098859612,-0.020050367914185702,0.026349783881941553,0.03655349439773394,0.030788354553838392,0.03427607300637818,-0.0015758426735272134,-0.010549025798344863,-0.0009098895816554112,-0.00851702051278704,0.01932928789765737,0.030144958530341315,0.03350033372465193,0.006335398429472545,0.006132050151987926,-0.004511181739569069,-0.007236753372293629,-0.0021917771499033595,0.023369250456256676,0.03467550997985453,0.02124055424645529,0.012887183547055956,0.0140817214991521,0.009125814721818667,0.011340789094236007,-0.0016613520617872282,-0.016206749492017745,0.01977964591413848,0.025722050985606027,0.033332496583952397,-0.0020653197327372224,0.00028177227290257306,-0.0034265294599913738,-0.021896395138592116,-0.017197048940259342,-0.010538885396515594,-0.01515316817846643,0.0043044509652568775,0.022810381690246417,0.01688862830908664,0.04131643714911395,0.019209109730893792,0.022432519250943576,0.023000689265580115,0.05456578719670198,0.04211588372400653,0.005255342732238542,0.027092140706946887,0.02065822601938997,0.012200310560751215,0.031250330505787335,0.007125802689718477,0.014979381203668424,-0.02791980806787959,-0.01843701512463255,0.0025309118341170942,0.008671258164975796,0.018766220978699632,0.01277317366576576,-0.02006395705534512,-0.021293059854753733,-0.023260348762744045,-0.023657813471216392,-0.0022466078097704138,0.014677688654024834,0.019764660648801193,0.00818528992291843,-0.005271982734379515,-0.015061260392792316,-0.026616646138734018,-0.036400153941874,-0.03494255447677186,-0.06515913117149452,-0.011130069956056188,-0.06165977063746116,-0.04902466816578402,-0.05297982580432233,-0.03777987952004468,-0.03360162698805736,-0.021343802438533566,0.003856103598156539,0.012757535058054667,0.004661903910344275,0.0065881138975221135,0.0020359116417448322,0.01300077308278089,0.006593250534615347,0.009166385023618731,-0.015224153873667035,-0.012061922773081041,0.024219199850038738,0.025924213108208326,0.039183771453361584,-0.018438694762987554,-0.025031403418044496,-0.037727180446871546,-0.05195607152811181,-0.05608465139759937,-0.07929552084054611,-0.059810880409490966,-0.07461777691001895,-0.044655266617361654,-0.021235237102140737,-0.03050711804274995,-0.004446386492610848,-0.012586522920531956,-0.03659654795638022,-0.03766073130963497,-0.03295525344246455,-0.030578507547771534,-0.016052031850235647,0.00046749876303835895,0.0022449907981624143,0.009263537491210408,0.011771194258979928,0.006268313504825399,-0.022171245894200626,0.008772569911994996,0.0019161133448123014
-0.006992905546248184,-0.006731650955343019,-0.026856474403386572,-0.008653536442875299,0.0055491074500711,-0.031429019846471215,-0.004882204548982758,-0.015360542251746495,-0.014208272157420838,-0.03494942784984305,-0.013716113453372985,-0.02249092816700819,-0.011350037186513392,-0.015291272734816081,-0.01780739725627846,0.00047194911633403685,-0.009988639687716532,0.011121985215716678,0.02180204246668302,-0.00703807394869099,-0.009796173045051457,-0.016070409574507127,0.014630811586423775,0.025133960894659725,0.009679130989454984,0.004793309494302711,-0.014274688274821307,-0.0013871775012934383,-0.028081612313523983,-0.01376395638430426,-0.034970122227667266,-0.03353552685630253,-0.011376095084932952,-0.02483190695402182,-0.018424419637583726,-0.019775890029869084,-0.033691119898326856,-0.058970564530860504,-0.029949239322464877,-0.05345952295172244,-0.023734117756272044,-0.023651389689982837,-0.016378847297112652,0.0003223258960763087,0.0001373037710216008,-0.007649934974018562,-0.02103746012985818,-0.026725515656872544,-0.017381784322974103,-0.013279954959785078,0.0133079691910652,0.006953859659047723,0.018066561803646006,0.03437670434666869,0.016352183026360233,0.005421144129095595,0.01120366318523282,-0.02004379076846523,-0.0037788858089464654,-0.027538734634598844,0.0055224000963893915,0.004066447995666274,0.01682767962311322,-0.006755588293356231,0.002250489408874537,0.006326372860585597,0.005916596993104281,0.011197806561321107,0.01616335602523771,0.004427831620616964,-0.013530377002667793,-0.015168017935193668,-0.005993956509750725,0.006183213404085114,0.037100975436472915,-0.008189482687571433,0.014991332702999193,0.012435019252688159,0.016211273090640518,0.059549174458396414,0.05052813497387483,0.04784361617889412,0.028061506429620697,0.024948381850555725,-0.014222560879342172,-0.049645414880549577,-0.049670477139657304,-0.01981367342955017,-0.008755681459960219,-0.012735969484532036,-0.02302460942902558,-0.010853170451888655,-0.002760921454833068,0.011969570423767215,0.0015521777734980341,0.009388753145382091,0.008491020829108666,0.013290978387672816,0.02424220744372829,0.026759287679602173,0.023748720627878493,0.013331204852579135,0.023520257482884565,0.01127396831413248,0.005186853707952972,0.007471037762607482,-0.021992402376989247,-0.01572307788085318,-0.051816209633529155,-0.030471862521011455,-0.007241276189240422,-0.038464443019338095,-0.01197520043292758,-0.003937210304936514,0.002735520232792778,0.002322192038450321,-0.013479068725722226,-0.011148191271767794,-0.005661589771205086,-0.0021336736848701658,0.009773217314764986,0.00616664166427566,-0.00980257045381188,-0.010693353364705635,-0.029407257771066248,0.0032324845044682214,0.005310112570259587,0.01779647346636868,-0.016984370035351297,-0.004895023821705559,0.01327305387591872,-0.0012503458096485257,-0.0024967119199300614,-0.010728344644697716,-0.035182696931888566,-0.0356203782614178,-0.015846273590317185,-0.004623270735034296,-0.0023428321527800824,-0.014247500661809003,0.0020887848209381623,-0.00649358830761068,0.003182811092613773,-0.02938816292349857,-0.014382019023524508,-0.04057658855638161,-0.022502561818976127,-0.013167122272945054,0.004609844282572774,-0.005817811625294949,-0.017480984844318318,-0.012505921205457746,-0.019392031759844653,-0.023031413704524935,-0.018131911557711645,-0.01643183165689333,-0.013129166995530642,0.002569045456213554,0.004160969521553379,-0.01457885472076868,-0.015925775293344855
-0.04000130982003121,-0.05363585601228614,-0.029584350388390586,-0.016816497339552983,0.007030442312665121,0.03845588319238015,0.02393411496538487,-0.0003498083232269307,0.019772224072384076,-0.03350689736860292,-0.03209352136927297,-0.032072428960018676,-0.01490256491331408,-0.04565357056547324,-0.05952581895839448,-0.045176309983589236,-0.03729971749499381,0.014944469577912612,-0.012395407019967651,-0.008602826331905396,-0.036840277202704844,-0.02639958333612254,0.0034506421258368447,0.002026336334105536,0.00584318381976465,0.00321678279085925,0.0019983612231966896,-0.017531085542848004,-0.008463003847301706,-0.005589382734522657,0.01706241970970122,0.006506376591605472,0.002688074856154598,0.00488056810559759,-0.022617036919663894,-0.0006275174535357522,-0.0018154906977147181,0.011495790978480499,0.01230792405577125,0.02816489645108246,0.03542992271230957,0.03455628013476845,0.03224141232951373,0.0202647075692597,0.007609042602674948,0.009461651795015315,0.030643391348948945,0.017490788087854772,0.006901844888342859,-0.013578115112784127,-0.01713270253233788,-0.024381828899880473,0.0058467545420400795,-0.025096575224562483,-0.0038831372092265662,-0.022061389118485028,-0.014613022470468634,0.008053770391074567,0.004731788505109527,0.017805237320922613,0.0564253796728705,0.04730144711523187,0.07036801961167749,0.04646864861428161,0.015984052641512203,0.0031866046642718216,-0.032378163081629455,-0.020365397760336152,-0.00045550736510399143,0.01960951170177531,0.014068358937730691,0.009181743965944709,0.03554010302477269,0.04380940081552873,0.06823096949505236,0.06020535454986534,0.04375007087380819,0.043443383930444036,0.051575836512388194,0.03609352971483927,0.02818526413219908,0.006424926686115004,0.014996500235360435,0.03028217318505317,0.04625225362466788,0.02097712654391086,0.02645541555304285,0.021115764022512796,-0.008113228732763104,0.018660842448812824,0.027371916580029753,0.008541883413041896,0.025260736930951884,0.02926638839408982,0.015051017233670787,-0.014513315060784631,-0.01640755202396161,-0.02444387122271417,-0.01651157145193708,-0.01395841675398396,0.006001628960054995,0.01713389275987085,0.04239349179831986,0.029818287151603895,0.00982643534210044,0.007151393073609358,-0.011845567748574034,-0.011274032087188,-0.005080259967606598,-0.0242296466492578,0.004002737932044484,-0.018419978168537066,0.005307057849279165,0.03983939937095169,0.055623328979684715,0.07215123710440145,0.054689443004638384,0.03742030936949312,0.02817728001148523,0.02996110449799517,0.012623766722552115,0.00015912570935511933,-0.005177065350422153,-0.02240828227436458,-0.004768412686684489,-0.02089034460064838,0.024976084203605423,0.011358038802144683,0.0287836714401764,0.008643010265198241,0.00024962322232167645,0.004804070071065483,-0.036569748380397823,-0.02779607321431533,-0.0012385571521325842,-0.018087904265991453,0.005861483224641498,0.02662913489720019,0.02627857890502666,0.05097619269097847,0.010088325377875343,-0.014866449897173917,-0.027906284351306987,-0.010211375950859958,-0.006395199891711915,0.009467294858280247,0.02529329519406001,0.018733776243318505,0.03446959121531484,0.03467250404039563,0.029832240164734757,0.013852908119581838,0.0035021572846989325,0.004830494050083981,-0.02021369924405819,-0.019468261573149775,-0.008363449276189778,-0.029577074579505046,-0.022156610134391026,-0.02286595692930622,-0.033512860446768954
0.00986444425941602,0.0317473031838765,0.014647691717557098,0.035750698412848655,0.030565758757789618,-0.0002001720076946748,0.00017070805434118343,0.02259395656983918,-0.0007232977123696038,0.05177119516074384,0.04742665349675348,0.06090781776056882,0.06756805496763074,0.0009942661956683946,-0.04516142927569132,-0.043938200366926326,-0.05704840256938043,-0.049726801665840856,-0.025366325544024283,-0.0005335664137827483,0.02686811027437993,0.019638437931911522,0.005750820055345461,-0.014058564003399093,-0.01755188496098278,-0.010256449291749244,-0.0150838099146678,-0.02032839643082144,-0.017149235895467827,-0.0059847968287443255,0.023873360270834785,0.022656974945510375,-0.0017860641932667745,0.007627451949218389,8.82081568471596e-05,0.02131697136091589,0.005867023032532136,0.006902310142630308,-0.0006568024253261334,-0.0017984803936894201,-0.009328809577714745,-0.015056344597963872,-0.03066673192650269,-0.003766984343508757,0.009006092466797361,0.012747186037831742,0.0075966953894502824,-0.00307831630512279,-0.008299050066608587,-0.03905812403752123,-0.034268519705966574,-0.047435290942955684,-0.027340717094837395,-0.02173147404078727,0.006742218347989803,0.0075964611467969,-0.004682101630641594,-0.0033961166376275547,-0.013551337046424958,-0.03568543072377619,-0.04253080836037672,-0.030322722670791835,-0.02458275025428158,-0.016021891414610422,-0.028291008251355176,-0.017648273161260875,-0.0019486474245021701,0.012988907961708146,0.0024517141627680055,0.001744692647064569,0.009061724398938561,0.011344349247717258,0.016889019812600665,0.024354652656236164,0.04112972598968692,0.018886056592529732,-0.004707693546878044,0.007256747846023551,-0.00284010486471561,-0.014960141100165799,0.005256461723532425,0.0021601944370964474,-0.004277696027578342,0.01850848477815964,0.011273213578327085,0.02505017113254901,0.015293306397311177,0.014747619705243641,-0.03264932698423515,-0.05786971967334888,-0.017104911484864087,0.002987313102982143,0.038538130501076115,0.04874437839592842,0.03619838829487872,0.020263029116790027,0.024875809456598848,-0.001925866463412445,0.0016867891953814493,0.004187998700218605,0.0029947229911489676,-0.015331410172200374,-0.019216965748773053,-0.016119773926612898,-0.01055319588719011,-0.020143421674261815,-0.004761816073633949,0.0025630727724688393,-0.022983045049369814,-0.021365595766206336,-0.0260309056361612,-0.01644225486651305,-0.0553962774794855,-0.06606689907253546,-0.05014814220809809,-0.036017221115438355,-0.005373295662543448,0.009652881104720115,0.001799880057557093,-0.0029646563064748416,0.0009696067227177249,0.027548462473743308,0.0303900067128259,0.0163968859767585,0.032678404931460424,0.0015326681537443515,-0.018031837939832363,-0.01517206379903376,-0.012840937196102204,-0.011498912145413131,-0.01972431854233182,-0.015074236440731784,0.013177628356792401,-0.015236539749495095,-0.010323896900411588,-0.01826454872098741,-0.018204182399892768,0.008048453394001964,0.02997140793260289,0.020949163379968074,0.0008159653366175218,0.007473700218363646,-0.004624443615113584,0.007457304296636514,0.014231085227999703,0.032221875510769396,0.01824333070547294,0.011983996348484804,0.022996625104920974,-0.0021532605597964992,-0.008703198826640826,-0.012799454303618507,0.0014553887649952947,-0.033123570761186424,-0.023467507465365668,0.02370461593635537,-0.010496341755499744,0.01897404877860556,0.011007479426127792,0.00027342200219525185,0.02526269585130792
-0.04914144558841991,-0.03924318251721433,-0.015983016258698118,0.0063696702322356274,0.010696572403568867,0.026205121051813107,0.025970627737276753,0.015428323889564121,0.006126589012074711,0.009060643823076479,-0.0023586300942769573,-0.011969629371999019,0.015087156203580528,0.014216432896822465,0.033801158835785536,0.04071802958165271,0.02495381416796591,0.0356705515422442,0.008318032021250364,0.0015876488698576552,0.03331345928783774,0.02609078554172405,0.015434426708727012,-0.051725473263171694,-0.036964710907233606,-0.046434987919292715,-0.009222960180291956,-0.007545939437240431,-0.010934318221222053,0.004481954682371329,-0.01353477417653617,-0.0126961373461535,-0.004181329863937806,-0.033943816111309,-0.04926609198187755,-0.037468364290494396,0.010848165110141677,0.016960691225411252,0.008772275703457375,0.016131826309331354,-0.0055830091587718315,-0.010032371075745544,-0.02355685780006175,-0.03218340499207968,-0.03256256419664759,-0.013054720977306745,-0.010647164839942233,0.015859081482362224,0.006141714476539,0.004670968603290422,0.02123427081458264,0.03658876505811511,0.033825692891115734,0.010751933519262524,0.025188610880209156,-0.017635171303067677,0.003709308569897404,0.009236846834962717,0.04874112039334485,0.03997786672895788,0.060794350783135165,0.0452491270489612,0.026867649270483168,0.024181300464532395,0.02444009418643924,0.019490865073195092,0.004222872574118459,-0.001972685775404741,-0.010581049510183654,-0.030650654493804885,-0.07289953741733737,-0.0418486636421657,0.019899910358183344,0.04122863314672979,0.06371672975208871,0.05331458726833321,0.04136059635718318,0.014330265609314153,0.01696206626624939,0.015945538661596415,0.017844254033926553,-0.006670819858765187,0.006365796363188099,-0.011517712863612035,-0.03376783812600551,0.01642467494641759,0.003602200762206504,0.010029809720627298,0.011286531982887966,0.00822747665418443,0.008664929108248126,0.028327469950920704,0.03353988478421761,0.032308278044040815,0.014761756886444164,0.026169605273446937,0.008062770129032493,-0.003948776581867273,0.01657788949600552,0.01575379331925737,0.03030721048954495,0.015266547284773415,0.02789309066740524,0.03029432792486434,0.029465056893714814,0.017107443416501104,-0.017741792370037642,-0.010629888208888027,-0.035901642747980154,-0.02711161473589675,-0.02420001979654016,0.0005122658254182927,-0.002572300414969457,0.010169580882419647,-0.013212572512700022,0.002822551732681095,-0.0021464177988739564,0.009517024748184763,0.03014255753540861,0.009123836006267549,-0.005444687380324933,-0.022382639350995714,-0.030297810860598462,-0.007079997504418845,0.006258740368585869,0.005845770720062422,-0.015950415993852614,-0.009167835395102047,0.0015259605853177448,0.012115884426185084,0.022993783743847848,0.03078420175407054,0.022401704920073113,-0.01217892301326939,0.0031895224366088404,0.011115485002533605,0.0010528092485214157,0.01673051956817529,0.008544850038103267,-0.007577677258281948,-0.00011320170215362336,0.024976972233340222,0.006178909690320552,0.02775420137702033,0.011649550190024945,0.00406366051259738,0.020152564133499223,-0.012786467743464078,0.009378811423458836,0.013706242536619498,0.02751255767022161,0.04184353846942248,0.041866926251869205,0.02595549589713564,0.0037452801012884717,-0.014749407368349102,-0.014161793318508748,-0.050087895610280334,-0.012082492072900566,-0.02598667270333991,-0.0015815632721672495
0.03361206386171934,0.04059291989041296,0.03391955040798178,0.01630082440556311,-0.012664455392632723,-0.01271563965593937,0.01958656849355912,0.010431291466563151,0.009060946977135782,0.007087539910717965,-0.003360926066236193,-0.008908908889295348,0.007965710493038713,0.006154116665912177,-0.01090952147885904,-0.018265020356298504,-0.03631268177706133,-0.029784959235818375,-0.051359932192808974,-0.05081939437363521,-0.032157629451249815,-0.027583308238594666,-0.02984144428839841,-0.04084063958559331,-0.027817106389136436,-2.0606072325703964e-05,-0.009089434558552786,-0.014849929033252088,0.0011951738726316615,-0.02439425571268908,-0.01778972214155942,-0.0296397425283337,-0.03589461070067884,-0.04796333357855671,-0.04984210609663467,-0.027122578829450045,0.0031844932790822877,0.010716733862700823,-0.010033055931359783,0.00290664316380852,-0.0236507900470748,-0.022307404328515478,-0.011145426685143511,0.0031836567145513,-0.008416468656711367,0.03534612289956973,0.020441769977725205,0.011964936342908936,-0.011954600051128774,0.021430337490712388,0.006535303505960035,-0.0006978273017937117,0.018420255481450622,0.024222430875547696,0.030050162293219763,0.03965115306308589,0.01803239722348906,-0.014724875976202196,0.02478491853982572,0.04707621511283852,0.06114099600460371,0.03946903789947458,0.011530720942933666,0.00936585159032776,-0.002634367996497372,0.0015983859413431945,0.021076829931360286,0.03438607327150191,0.027466434602098022,0.020355719466730354,0.018262355481140042,0.00894695042350816,0.020156176551083742,0.01672954818866575,0.00426770950336567,0.0165690665166727,0.042727492331357766,0.022386206913148122,-0.0014540268919594757,-0.02061508656655239,-0.022474991108106884,-0.022750468670968083,-0.04321859857072026,-0.012243323071212616,-0.023684455098847278,-0.016020419704962825,0.0024583093725016074,0.0066661311247076345,0.02329140341332238,-0.027769404859819935,-0.03464975415080546,-0.07528544796257135,-0.04516289419191604,-0.020654635753087076,-0.013540671974137303,0.016424037765322225,0.012211500458301562,0.0032217067198707467,-0.01958746061478192,0.003950655487620058,-0.00554863712145706,-0.009885217409156526,-0.031777069980723355,-0.03485282197215982,-0.039935410787066264,-0.024576445669696637,-0.022514661770506872,-0.017556899108969067,-0.03461377749441409,-0.03470269421171105,-0.03586399911385264,-0.025645377104746757,-0.019762293943504476,-0.028049075751007485,-0.04545324023610599,-0.04376813686915185,-0.014338493340475798,-0.010565168869021731,0.006194215427678352,-0.021767737608726932,-0.028317313062642863,-0.008658075913100947,0.018201753157831298,0.020054213006833764,0.02443156165975306,0.019855333806501778,-0.004568364294730665,-0.013284778607563278,-0.004604492441244021,-0.028657825252088993,-0.06186770592254063,-0.060877804586609366,-0.07906556843353355,-0.05063182625523942,-0.027095235314059624,-0.05176304532284466,0.014072360073529255,0.015265743632426684,0.03337797111767064,0.013332375165229244,0.01656278003207517,0.01885992131045455,-0.005555235625173668,0.004684166802570433,-0.004168168871555807,0.008945773843748549,0.00029015899943323484,0.0007853167561374591,0.021737672852627142,0.011828801845420359,0.018834710916891866,0.009753892905817687,-0.010653214219434179,-0.022497599723976858,-0.0043518950028074615,0.02134422792291626,0.036525727286095815,0.05166444178295191,0.05432955811763962,0.05409122335892021,0.023286580367663512
-0.014842553131578187,-0.024538184218846536,-0.026638546591737765,0.010076582124851727,0.0004426034732029488,0.015994761412140318,0.008677114042604163,0.027714560505668506,0.022747992136641356,0.0027023998400925063,0.019182790305152533,-0.001086392147565643,0.01979750116061273,0.022794258445444558,0.031360391591525275,0.02921341889736038,0.016210098725621087,-0.012077859688254136,-0.013751903191486631,-0.0209051584215496,-0.01202386407064003,-0.045093523958729564,-0.01981934196676894,-0.03655918480792396,-0.05966031063600151,-0.04529966384750746,-0.04674396826434293,-0.06778340475273353,-0.05676702182480479,-0.042401109646176716,-0.026591249779098897,-0.04678864709925499,-0.036446546570120544,-0.0036032058510480406,-0.020532541021134696,-0.029836446246244853,0.0005294316760231018,0.010363167175434214,0.025454838285255594,0.007711452472303111,0.017426067941007078,0.02407040549509797,0.008031561686992853,0.012754505824962537,0.0030537828095507993,0.012940075378036108,-0.0036356055458317284,-0.012832251934887073,-0.02803567411509872,-0.014148184521967849,-0.005335752502904946,0.03651869964806198,0.05863593996462918,0.04073595613471224,0.038828107152252114,0.028059295627109036,0.0075603437809728296,-0.005560798431232824,-0.024736241483121403,-0.021846525233503587,-0.008903234759987892,0.0029314092438794473,0.02089994935440726,0.03790020184373434,0.05566143374416188,0.04713734790527523,0.04480119401186325,0.018579142562231993,0.014722969039504086,0.026862289438789405,0.048672330676934404,0.04214246506217806,0.06164498487794767,0.04338575640897423,0.06266453755926694,0.0454651921009875,-0.008178423751312645,-0.002199130494539598,-0.003230574742405075,-0.010712157831411693,-0.025204619971984914,-0.007080618807970615,0.009599311599287026,-0.010420887575267063,-0.0011241647335537674,0.010107748594823138,-0.0035229959032672302,0.006904229745176944,0.024105127550280735,-0.020091735772427753,-0.014305244349913848,0.02325607392229391,0.015684232012586126,0.029870598401533683,0.018457531488837785,0.017797065143292372,0.015805107656715743,0.026895539644273936,0.02565205386531033,-0.0004225099507014659,-0.0008816166639127474,-0.02406858026889035,0.00999332356361372,0.020079235539453434,0.0167160715371531,0.03573036037536596,-0.011227060974420227,0.014323544811005468,0.019137718460021203,0.007085514047772029,0.000798723851569573,0.01220457636982875,0.03660853894885109,0.039433607292360354,0.03408830834499556,0.007085472121264957,-0.011063204749735168,-0.02733842935192813,-0.025481140354606097,0.026891233648404855,0.017195034922807755,0.04484509647635001,0.050886920634179565,0.04530488977548686,0.010584973159080139,-0.023220480502592837,-0.04295605031482097,-0.07595773814120305,-0.05972431716833069,-0.05262742246217328,-0.013748025614705067,-0.008264555004772522,-0.01083474222848055,0.009996231042030054,0.01646863018549137,0.01239512437802368,0.013985710039398058,0.03094346653074549,0.023109100689070676,0.01946095329669461,0.014323010873608339,-0.010839956320731864,-0.02247724409406205,-0.04512360834734844,-0.02769641300414632,-0.008433751682472623,-0.009718726985945756,-0.0060437699369176034,-0.010299806085101285,-0.016526526162618925,0.00010782994715210631,0.0036987546621452703,-0.006367779747285185,0.020114963909917547,0.008345681571738591,0.005765174025877137,-0.0040089323434386445,-0.0006089158226870773,-0.0018722404051607715,-0.0014126991152812116,-0.036707065619537044
-0.055528932765460816,-0.010337477682629041,0.019290210915723915,0.03539267775456177,0.046882632260217195,0.035008418900408025,0.01873011857579881,-0.005100509391858478,-0.009580535031149416,-0.021830843069827962,-0.009328892537161591,-0.01774217981155096,-0.04686216017615206,-0.08353026853420609,-0.06678556748636616,-0.05095054400277611,-0.057004631802892516,-0.03371312578832715,-0.0210229940390437,-0.015487898371993955,-0.004167596468954589,0.04892028542489372,0.0551996703870562,0.042073218320995316,0.023652637098591688,0.002375675942751574,0.0103277518524062,0.01217165239385252,0.01690839933477972,0.05232907046613604,0.046677334628535114,0.03531473173636461,0.023008239522791428,0.011046704188273231,0.003946410973651383,0.036938660765754486,0.017387232617996906,-0.02439233465815157,-0.02132423982349787,-0.010699204503531895,-0.0004507063796927519,-0.0016292265660529186,-0.001902791153664958,0.01158924682166674,0.0039041315501483105,0.024040415103253363,0.030860912078208895,0.007982721547424272,-0.0037262156802084787,-0.03394594983844596,-0.025442492876062046,-0.04727406471829023,-0.019187622271812026,-0.033791376692401454,-0.010110829233219529,0.014605333927800968,0.003693415505478175,-0.002811530592609402,-0.0039525353482797315,0.01081417164337286,0.011132068010027859,0.014808863695009255,0.029714826907069048,0.02290979540080555,-0.011462613389041807,0.00802261148931234,-0.004441231662414257,-0.014084229760917721,0.010559043967928184,0.011844162013880869,0.035417722674272546,0.02066584947847373,0.006515541843881545,0.0043934464391980135,-0.008078604352305622,-0.012758451095057622,-0.0019991942954104684,0.01217539501188051,-0.02541310887226449,-0.013639507276178612,-0.017996770926288368,0.012285896862505526,0.030674719279514394,0.038484867255230586,0.053071837007187005,0.030843814734673614,0.010250369557468563,0.027806816150247864,0.030537188929466087,0.042238843948255125,0.00986328251276516,-0.006493200187957725,-0.0035884085709230818,-0.014219938965506888,-0.014737977222694149,-0.009231916783752977,0.010794190797517554,-0.005279890532038684,-0.01555642500540827,-0.015510659482792991,0.004690790574728964,-0.0050462228183560925,-0.006893971657476674,-0.00782249552046173,0.006335332989807552,0.00512897130673151,-0.005481918540337616,0.0019761796202384502,-0.0007654199751637953,0.00692267603565893,0.024001493961262065,0.042049116215461105,0.0279668563596226,0.016972062209805128,0.012172117062189002,-0.033780938056663115,-0.023855136933539512,-0.06118136727410835,-0.028037052931046497,-0.03703493993208497,0.0036256822155871895,0.01632088569654446,0.02761457292648033,0.015465571364851372,0.01788074202616608,0.026168460579923235,0.017761635184658096,-0.023201821703055486,-0.04998532093816934,-0.04843169031465474,-0.04118355104277374,-0.012200986106224282,0.003039685486618297,-0.009852592773047108,-0.012472902889849712,-0.05340153975566575,-0.03243747085018939,-0.026147990343810306,-0.00872661962598419,-0.036378307426241735,-0.0005086498016400513,-0.009601276937161353,-0.019649850511033816,-0.006446938109989217,-0.005360322759151215,-0.000629221095164086,0.0016034946564453783,0.0026464975583491944,-0.004268440322048301,-0.020202120819939252,-0.02512364667697503,-0.018837476949984205,-0.030634518840249352,-0.03730160076508325,-0.022257064243213005,0.009424730545191858,0.04536825119056149,0.022227446972807086,0.0025101179154376264,0.01961197682168287,0.0037164373677819563
-0.06452271921259449,-0.03316826299104626,-0.04795874571969712,-0.027652930559379806,-0.009706729091388663,0.003442410203193018,-0.0032269539633644644,0.015185487640458961,-0.02597744687519213,-0.007892252803401648,0.0033463282177934963,-0.02748503281132817,-0.0005559765056351029,-0.005406032494142347,0.01480034171850319,-0.00825333935191498,-0.03145341847415283,0.007488235990161453,0.023323447526208213,0.02058663556100218,0.0483198176572662,0.04920023171563077,0.016051311938371737,0.023313754966156723,0.006421842400667195,0.0179389132586266,0.030772663462835713,0.03722667828163505,0.044369318301850334,0.05084326292591899,0.05652244344440749,0.05124189046155869,0.04627110430909042,0.029904504282928866,0.022159518777260932,0.0074170863617671594,-0.019163725009671458,0.016979950475086155,0.02161939860302154,0.021479862449010463,0.04653840009268919,0.015886201229000297,0.003877705278424849,-0.024654288078944743,-0.014900742320487048,-0.006533695753799709,-0.01953427933361817,-0.02032548843194863,0.00022583113453031184,-0.019211733273443606,-0.0031618263104931143,0.006810826190637461,0.03698115925817645,0.031613481323879956,0.046059916361443666,0.01592829656884362,-0.034839373379845946,-0.0748880339741489,-0.0687624099278956,-0.08161449068834889,-0.05226512337347141,-0.03747029792579933,-0.028849868023529124,-0.04059957751125408,0.001239182846855314,-0.004804036785533094,-0.01570293895961384,0.016501202764407454,0.03475167886125228,0.03601928714413051,0.008044010602882484,0.024621490420597233,0.04714115329341601,0.024835198204202148,0.056302653591676896,0.05212394731043959,0.027480956632966513,0.04510565171781983,0.04207767029930306,0.030333013039409558,0.004161948367375217,0.0017994148948367087,-0.025495810065704266,-0.01674529872974151,-0.011096379243357591,-0.017540697328210297,-0.007866498184558812,-0.01840831024031609,0.00286890268635967,0.015987978858933764,0.026114655738770233,0.0109145543949915,0.008398334410137112,0.009718853732360973,-0.016460174429571546,-0.038677068988293845,-0.03668046821759694,-0.03936353969914985,-0.008977510294339857,0.0022708091318758396,0.0006371951945060683,0.01885533472956567,0.001281724428575523,-0.02060847896706481,-0.0013519160879650008,-0.032839591641618225,-0.03662626978706397,-0.07597613757285297,-0.05663594613337379,-0.06506132047466341,-0.009499951235706216,-0.0028510480010562307,0.011354921404926466,-0.01894847303925733,-0.025263763066667166,-0.005950191562136377,-0.007890932354393917,-0.036368748682848256,-0.007525010851357028,0.005557498880823496,-0.002215245623736666,0.003487906016581677,-0.004529694680931794,-0.011257840998106727,0.026793116188649137,0.015768201244956277,-0.0031897230047189867,0.00570819243280145,0.005678263557440612,0.029902420712423005,0.04585977410141192,0.028852516119334776,0.008666992544681016,-0.004003321103695064,-0.009179324573370418,-0.019484159833892047,-0.019819915639240033,-0.033943632817491486,0.0003285831662058512,-0.02333282672123228,-0.0037204902483060505,-0.000987260735243254,-0.015257812438677678,0.01148997700248251,-0.0026069419636965104,-0.005761191157575819,-0.027966740684591755,-0.027827253239583398,0.003005298338157334,0.001668076775128663,0.01347275365866189,0.029995428075928005,0.007023297561056069,-0.010203868449453967,-0.006132996865202289,-0.028436891462614033,0.004627334445973955,0.029800498838969236,0.03926135129676745,0.05873008910952665,0.039256729468140156
-0.009189833376415397,-0.03325260927981714,-0.07457529710908053,-0.06246417548261381,-0.053855484799998535,-0.04446848174027731,-0.059287816194836654,-0.06267699449841059,-0.024635426857451858,-0.03325113257511,-0.002528953825830735,-0.016560679083333786,0.003483050230927577,-0.0022628549772841164,3.163625437242329e-05,0.008315703016637527,-0.0015605395150446815,-0.019289433926054703,-0.025204562489262106,0.02121229843563487,0.029429577240790945,0.035706433445930774,0.06005087159576861,0.04825853015301794,0.043720540855606685,0.0033054390686342652,-0.034860855744653634,-0.05711111291623244,-0.06343536615358111,-0.04680318563427946,-0.02191021325303611,-0.0028679047882677654,0.007689227277087668,-0.005724316446536704,-0.03369280969959261,-0.04530182720686624,-0.026770545480995445,0.001716633302396475,0.009102471859162983,0.016315513429203173,0.04426399610914164,0.028135310368985846,0.026880353261861133,0.036187412233959146,0.029149768415052103,0.02956099436566185,0.03627514341618596,0.024840609905098544,-0.008422361462299247,-0.01639390932253048,-0.011139036548255914,0.008723513632914431,0.0048943802120742595,-0.005839008907084185,-0.008451378939041677,-0.020469460260789808,-0.05027529083997086,-0.019016187398081065,-0.02677394239566337,0.012300621279504136,0.06337460965810968,0.043066160114138996,0.05753803248056799,0.047784393126507445,0.07149779482189078,0.07225015049399254,0.07097782395435492,0.06678795849466156,0.04454528449910618,0.03330126999228101,0.02092360886538819,0.031879147802510915,0.03562913436239314,0.0002745458091755901,0.008279625087113145,0.006450676917296944,-0.004775078645901129,0.005378676062643082,0.0009821395410036136,-0.008731907890477985,0.02499838442421687,-0.0011006864200642271,0.005677745023188923,0.04067215460192487,0.04394828694100897,0.013656110301000385,0.00567571152583578,0.0014495980438002875,0.025265040795729367,0.007880327353962534,0.02068473433472833,-0.020931098986921644,-0.027573187600170378,-0.0022898386327521855,-0.018033962215007877,-0.0361501030509941,-0.014069369918618072,-0.022086698719393567,-0.005043593811151629,-0.0008863003417465445,0.010618282543748806,-0.0056955132808459655,-0.0017741453070437493,-0.0002049446244021702,-0.005073531364958094,0.0250744656163563,0.027081686851313347,0.024449798670826008,0.012209197102662517,0.002795054149092238,-0.007362675268724033,-0.020623698018056098,-0.011479991829172517,0.00663200008777406,-0.0023908811007224487,0.00866142183977491,0.02284250115961146,-0.0033278599848023454,0.010947359791273018,0.016704564232686996,0.013098319706213422,0.004711920961499407,0.006452277235512352,0.016671156276198834,0.016203623753807222,0.028801434493796248,-0.0013191537508156638,0.0002997754202405999,-0.02070750527429204,0.0020757102073541097,-0.0002236420344734782,0.02583876534159101,-0.01586096965118218,0.0029196402091001402,-0.015964007850783064,-0.0069474216305517155,-0.003996988887276674,-0.0015003051596924701,-0.0017031438528362075,-0.007242706051467249,-0.035979113429599134,-0.011454492503933492,-0.04736302319175754,-0.047755860744886504,-0.04967997746599291,-0.050141693092045234,-0.048139593508420626,-0.01826372034929428,-0.02291393912072135,0.007159100691365053,0.02112978264312124,0.0030121581303101342,0.0031317450012409453,0.020418543853812993,0.0021107716389880903,-0.004734280943535425,0.020018809969144236,0.030631576396462225,0.03315684872130971,0.056581885217646136,0.050417355675198686
0.025880408496354784,0.031539091042657355,-0.0014039108023163219,0.0007646979501835599,0.010160492964188696,0.012842043999309887,0.002367635535158524,-0.00012858486036456673,0.0004910743964664635,-0.0019254532991513542,-7.964402205818226e-05,0.0014374763296375493,0.0054958526303407335,0.023875155653896835,0.023381644623924704,0.000406976825867917,0.02047125647917015,-0.012645768106812689,-0.0562670009897168,-0.04864802589946962,-0.024366178186037306,-0.020113894758859614,-0.015701525970677043,-0.026779999150350054,-0.02966092390344942,-0.037165326704628,-0.03970908946239125,-0.011449085091116532,-0.0022558769846453357,0.02121118994457741,0.021067313168029768,-0.0011839460686369565,0.029317127299509332,0.004905255114016115,0.009458460813803735,-0.018130851003366588,-0.00032092433812691556,-0.031044253367519713,-0.012823928288231692,-0.01920303289488074,-0.0319135502725322,-0.07382307765482693,-0.03178876628232437,-0.04079200768609257,-0.025639828509601975,-0.0028876051218663912,-0.016522514459835578,-0.0027747402514836034,0.00028619393535388724,0.026188153528964742,-0.0038643387677439025,0.028330860567293066,0.00652087978844264,0.012142598715779478,0.030216591915348923,0.0170995148994073,0.012643024147433854,0.03249740273888439,0.00898210789670437,0.039383028085771356,0.02007409257574549,0.011924524568763924,0.021231439071568135,0.0417210831313824,0.05163532035762118,0.03600031709278633,0.08297346712805162,0.054417262524605436,0.0451021627400993,0.05181998150727916,0.03893594644021227,0.058384265310854125,0.064407888683842,0.04951152959675838,0.06273066293603728,0.0868376551191096,0.11141626431491014,0.11018407947889201,0.09719897163943944,0.04764032825151372,0.05140745447347629,0.02644447592124024,0.02798255495352443,0.028026559854789357,0.03601036574879229,0.034437916724039265,0.05306823342147086,0.05054835201517005,0.016117069148475403,0.01788539564974526,0.0234323536519598,0.00903848086964861,0.0217557504728505,0.04671585862940234,0.0757509472086799,0.08058332624723004,0.04857319399931035,0.01978745502677679,-0.0020343836089231314,-0.013588288942482474,0.005200170728190718,-0.026857871000311284,-0.02342393144513875,-0.018077491214562282,-0.0036723190117231505,-0.003693142236965127,0.007301868110190038,0.04616352163566251,0.061518079319845154,0.020103798494042098,0.036944566759715795,0.03268638409878799,0.03542432359757471,0.020411559520430236,0.016991926368856963,0.01655983456530475,0.012636232321359372,0.022349912225461045,0.017749201272913937,-0.002359961990535809,-0.0004441621229788389,-0.0021185463485570827,0.011907926734574404,0.017034176835937505,0.006476266237147267,0.0104690132130253,0.030616203521869372,0.04415607765021222,0.041907869348447827,0.029140883004348823,0.012266028371089767,-0.008721521534148957,-0.009282527258468759,0.008542674230219387,-0.005905511585209112,0.010388906558113345,0.01948536536050863,0.023218082907115058,0.00973479357267453,-0.0031556086931856407,0.038726403876542234,0.04214259171097737,0.03251817915830813,0.030514870657353598,0.017037890238025766,-0.006521560094292511,0.0025867538584748205,-0.015380367830019273,-0.007794687559558207,0.006363940422205873,-0.005247777548270627,-0.03092828156541543,-0.003972395454398955,0.011480643323540457,0.02969279903338628,0.024162539467806166,0.02043106035228233,0.004691499227680068,0.019683344093855352,0.015867507846072125,0.003536854042842165
-0.02998531215362895,-0.026365469072289448,-0.013020274352123324,0.010007095092820724,0.016803420505307413,0.0012861475426940785,-0.0002571575122804065,-0.007864898073216758,0.008174436162924157,0.0007327226139942966,0.011281801225417314,-0.007266728745856285,-0.01815178485074661,-0.014854883222634768,-0.00921436637898309,-0.02940647156253804,-0.0019280901498883944,-0.021522477391704813,-0.011462042397230815,0.0003802289529034414,0.0027731840246637803,-0.020486319106393102,-0.024551411234941985,-0.0338549555191943,-0.04537621394520984,-0.030519016770679065,-0.030315823626702022,-0.04253847642612023,-0.033888406045749594,-0.014524868517227082,-0.020382961703500447,-0.01029702987400781,-0.02603181408814112,-0.008228540898891596,-0.014783009313170965,-0.011644016588139095,-0.0004793453927502911,-0.01466888728563431,-0.033923445496380635,-0.03265911215054218,-0.037959279405574566,-0.032373129991090224,-0.03906036978114911,-0.02940882078727165,-0.019206888824396535,0.008575491862900209,0.012643450951764062,-0.0006679892323351707,0.026877717965431536,0.0025422973016088926,0.02332831927346065,0.041560821279209854,0.024652175908058783,0.016977202060578102,0.0036089143336631145,-0.002704497817322669,-0.020125650830096035,-0.033247344421928525,-0.022281515289250625,0.0029101242266610624,0.024421555643067104,0.0536452709805765,0.04604721962311767,0.05818346829758695,0.04925694890358965,0.02027986889925004,0.007456967370536925,0.03663038694034404,0.00804175594016528,0.004349788513365301,-0.024858843354606412,0.02080332457421194,0.01068373006360894,0.018344861791906135,-0.015265455194579789,-0.031329078010605735,-0.01265273366722599,-0.02227921463524428,0.008262486195880481,0.017427397106257788,0.0037478234970181766,0.01778093602610472,0.03659339407094666,0.01840347215006078,0.011085950185034258,0.013172233776021985,-0.008797717558812214,-0.016587927241057787,0.01243507907441515,0.011945136093241923,0.01645379642505978,0.029444541013717372,0.05573307525936664,0.036867795915269105,0.040769711236813826,-0.003715730689217557,-0.017849437746329348,-0.011141092469082998,-0.022042700014979676,-0.008709990228038022,0.011787633006418902,0.0003006959015600788,0.002897842695609832,-0.015257988160636898,-0.006310187653940492,0.02027066212387732,-0.010054243074650911,-0.01729080719090452,0.00601115161935912,0.01591494703581974,0.04643188863488547,0.0247064845659149,0.03423913880512429,-0.004951142408986032,-0.009440429517404089,-0.0038878494432612654,-0.0006653400652091377,-0.0022405897436039435,0.018319792559173632,-0.004177296624793591,-0.008020269918605775,-0.008099824527960832,-0.025717890490974803,-0.0010352984165736463,-0.004190047403191019,-0.0026941669407496245,0.014050820079530036,0.024298899440550636,0.02723608866773609,0.03512724570753023,0.01629707812292486,-0.01097722200390674,-0.019754773749521365,-0.026957375966255904,-0.007587243154947002,0.03122047894756788,0.011965459867902152,-0.0034748162127319153,0.00869432421569728,-0.0043252204178998955,0.00035561379891648723,0.0016341757241575086,0.006803953691820403,0.016278783450984182,-0.005478360230402639,0.009767888564481103,-0.0003443775821039101,0.01955520470851217,-0.023424467146273064,-0.011523701706426396,0.025864402437145485,0.031049663362707026,-0.008844414812119655,0.010261120544525479,-0.0020821796561382748,-0.018916192269517247,-0.018958308661983832,0.013896229005902053,0.013961068691626685,0.02669703912919284,0.01418835785290479
-0.007857473177832173,-0.01800656184208279,0.004489962441880143,0.004235508439489984,-0.02269155812809201,-0.04881876663103797,-0.02886273242491545,-0.009307436564008825,-0.0031961174439123392,-0.014077913901437412,-0.011246161626010128,0.006655267259708749,-0.007694063983164362,-0.01909039081826443,-0.027307539496390566,-0.033024469104982246,-0.04364872869660753,-0.049058426403502116,-0.022765248796936775,-0.02304027363662164,-0.03632145675264796,-0.03656961648183952,-0.029392690924285862,-0.038884452292335975,-0.05850500029014179,-0.0415182267010829,-0.04561648915440012,-0.025171332672768065,-0.04015208342063316,0.010653788781906284,0.019665545820882292,0.0230071562480926,0.06361034357104904,0.04475958310447287,0.049855705886124764,0.009005574662000882,-0.033825902511648916,0.003243801963783843,-0.0075990144062079,-0.013762899379304468,-0.0019692381874773534,0.008230209179899618,0.015605681429922547,0.002160501727399696,0.03449952029954302,0.016596584978618555,0.012130270029894055,0.00132201752836986,-0.022465865849219998,-0.003318804006260255,-0.010563244541678032,-0.02379244670688812,0.03538963645155514,0.008867471224884854,0.004686122041125192,-0.021621135208413918,-0.007911756479459815,-0.004137885191978037,-0.030965602225743433,-0.0064691980333065734,-0.020685518244691736,-0.009857674672760395,0.0026012265004389094,-0.0008994328871686393,0.012043140164752667,0.017392793297701273,0.01158567947463153,0.007270798312291385,-0.0009675212050512972,-0.0025342919592564023,-0.02375243095663312,-0.023772645261216162,-0.01229151875649186,-0.02663742826705302,-0.0028677346973390782,0.007391826070506138,-0.001151975650021795,0.00488126138750874,-0.0052880790179331266,-0.0033073182221220266,-0.008955722378312032,0.005081548742942149,-0.0030766279327109265,0.02862289963165579,0.04497592937928693,0.02761083359148552,0.005137344986996922,0.017475245796772836,0.017674016587800444,-0.028578042543207238,0.0026853235468897027,0.013487833112323058,-0.008375700945792966,-0.006728999961876406,-0.0409327239344604,-0.029586890920656788,0.0138307428831544,0.05115522168860266,0.016165523998141456,0.02199882756014672,0.008934713982963503,-0.03509139022729065,0.0023098501023481413,-0.008312959950395476,-0.014374886858027392,-0.034587069658322686,-0.05865391896171375,-0.0608392015448639,-0.05033562239011554,-0.023638311138292248,-0.010817905056994646,-0.0028496791045184745,-3.1353083626930314e-05,-0.01748765953515027,-0.01335783614193754,-0.02104075184982029,-0.010990303086602156,-0.03730228469493018,-0.01836203189148587,0.007334764110124873,-0.01105150492001945,-0.0034458246787050324,-0.014907163258423775,0.006033394643328691,-0.008177696752931056,0.011855957374452431,-0.0025261852527166478,0.011630272663535576,0.003204500661910264,-0.0013725822894211453,-0.003227390281277512,0.006357790170257801,0.007784300383812659,0.006414827967650945,-0.0044059648546599835,-0.010471061284624246,-0.007573006896366708,0.008271744968603532,0.010566378896863519,0.01439952252556099,0.04149208920267217,0.03763702957425539,0.03554244031453365,0.023545950322483442,0.005395619964641625,-0.01525988361344845,0.003043511684125183,0.014488666812476122,0.029864005754919886,0.005921916127155052,0.004685824111016911,0.007615205759554058,1.2635564814179271e-05,0.012366607748425015,-0.006722595938954437,0.012212856405381502,-0.006914342937136475,-0.0421627510621548,-0.04900645233285048,-0.04877754641975736,-0.015740084270863975
-0.03652805700893819,-0.0566402687424029,-0.008750191022196718,-0.027707241147888063,-0.00664079544775142,-0.012476974525446119,0.004492540690147368,0.00907654862239344,0.002349493191216687,-0.003868424221222619,-0.0014717338867672783,0.016242803478095348,0.017329773060115666,0.00230168143272686,-0.024035472243903032,-0.03491148408158436,-0.02950520365950667,-0.057825665901820165,-0.04866511088792057,-0.04354869331540946,-0.060537460312810286,-0.0446308053526602,0.006400864320778547,0.012307641151755599,0.015357783885945553,0.027947376221995758,0.024436926391630465,0.0006990786595547846,-0.019755669353730847,-0.036103187665824196,-0.06858439993079188,-0.036638946958955004,-0.018594906696467,-0.0282589427761192,-0.02014059683063779,-0.0314170966694098,-0.017935151023810936,-0.024445339498176767,-0.03084972559497658,-0.012795582178834803,-0.00948251451166059,-0.004462083950952237,0.010891767555857058,0.016326579730401813,-0.0008555723316367482,0.021504919830947725,0.006890716972959061,0.014130344060709312,-0.007241138156036743,-0.026898024340923605,-0.024491462768781436,-0.0010582808948474901,-0.013878384759773904,0.02306861737106059,0.033842670494437094,0.02372611830968501,0.02353136756778055,0.014260513982796461,-0.0046360374478861335,0.02793603775520929,0.0023488121595426612,-0.02868069026173803,-0.01881703927307117,0.010223223104984901,0.020589104222120475,0.03268389939918036,0.023754758171386177,0.032321032131913174,0.021522286373154353,0.03580818486173913,0.036865339637246065,0.020028924467078112,0.04171207292295532,0.036545962128953516,0.039672144205538065,0.05786002611988665,0.04510098835391765,0.0493015918996398,0.014601812878440146,-0.0015290011914686908,-0.008294500163278169,-0.0048628626891652985,-0.002240637075530192,-0.0012133101794590928,0.008003793912431754,0.03842446630350402,0.029001445663914327,0.025454436449465028,0.04987607992216918,0.03615698601087437,0.04106177801098946,0.07131873116387802,0.03612708825987175,0.029256200449381507,0.04251768985024156,0.0025216596312919734,0.025766297818901246,-0.0038453409196015616,0.013981494528089378,0.003631031621265486,0.010769807967246862,0.017381777728912494,0.02164842433250678,-0.0058506957471333824,-0.007078701038534352,-0.017698711816202622,-0.05115977443127656,-0.05254811198570843,-0.025838988213675168,0.006883742642017456,-0.000693686804984608,-0.003955921838391352,-0.01788913393747756,-0.032538868486744386,-0.03191678107073141,-0.026790431494633782,-0.033563235506214796,-0.02217811578692138,-0.04323462001167457,-0.01796954902348567,0.00878877520062926,-0.00442258499748535,0.018172381479280943,0.015195846578200714,-0.010375945806776306,-0.014193466536090863,0.015155786683581089,-0.0023489196715653997,0.0004881281255999133,-0.016533338559552156,-0.001421738656162129,-0.017828605989166836,-0.021242882334503194,-0.015141846169209355,-0.022009909536164395,-0.021073047276286144,-0.028389440084444894,-0.018618479812699346,-0.0014841724783363833,-0.005472554670494515,-0.038425270492088145,-0.004307773517790908,-0.0383977418125693,-0.04724441507273146,-0.009165423926497778,-0.01695892847658089,-0.006385795336563221,-0.004229006558332268,0.0014116707608326476,-0.011218348484097888,0.020451365814472506,0.015465355607945685,0.018259499643689607,0.01731842445655666,0.04523911613538701,0.03239699410199027,0.039166424775602136,0.02858667827351326,0.013029494100899996,0.03216673164882623,0.01811678243358441
-0.02900039655532387,0.014973886457879065,0.02738138862626107,0.0292571433524406,0.008117255890632082,0.04171169232341267,-0.006039063540889422,0.003301001669264121,0.0063400045182475965,-0.0010446783633843628,0.0007860459012064159,-0.012809229744187606,-0.03200661638749,-0.05393429934140585,-0.005051926264524038,-0.03053807639312916,-0.017985757234990327,-0.016764349819978056,-0.045666154648435556,-0.040874783667652376,-0.019825097332341127,-0.039671846744634205,-0.05073063113380986,-0.0833330151449349,-0.06107611830125968,-0.062532550582478,-0.06353578935072868,-0.034180220720219846,-0.031948284474967,-0.004013686652694547,0.012077340296023961,0.012985497241374494,0.008858504437517092,-0.001642863080136684,0.010847807874628234,-0.012791019531419364,0.0016924191293127239,-0.026874908193432932,-0.026934704739191927,-0.0527046928696831,-0.05134627783208327,-0.04977653215311069,-0.006810357934517336,-0.035947612483072364,-0.017543264690759817,0.01362812122901407,-0.027716232732854784,0.007107556529606637,-0.023921917088101305,0.007385181821730395,-0.008434772826154003,-0.04653030954318462,-0.012382132724486756,-0.002460071034247799,0.0239063762965956,0.020681529390810877,0.013827561796895843,-0.033756322598190905,-0.031153900980231797,-0.061967370067343985,-0.050984761304596636,-0.03554392435025246,-0.02288918255847742,0.01795161130251915,0.0019089001279308782,-0.025229830076119862,-0.014578264402577206,-0.029560825753555224,-0.04088174548638303,0.003938106876266357,-0.003150493604834609,-0.015625013935535562,0.014187784297159025,-0.017372894307456376,-0.003056336809430972,0.0030341762022327726,0.03735535081799432,0.015684526356568567,0.0346088082690681,0.04080256111981271,0.011584026090683435,0.02134924494073761,0.00718473651581065,0.03359403256785788,0.018469834866577134,0.002841666480414269,0.008314049167425125,0.0030687739701414133,0.025899897066531757,-0.0055220901485105445,0.019816367210222223,0.02599190567891312,-0.00011713241078430032,-0.011131823089804283,-0.021189531755405902,-0.026402360704050783,-0.008998547067058127,-0.028714791615065606,-0.019306743201280813,0.0036503706782154274,0.0012413985161742844,0.012008104220583479,0.013913809308284874,0.022904687235770917,0.017656271009835186,0.02730367017514588,0.010860367172564661,-0.030134295823510515,-0.033243645060629025,-0.055445234090179055,-0.032981854177017406,-0.019141671670061415,-0.008581176249838455,-0.01632954918487462,-0.007637616513149396,-0.02299817064574016,-0.009782151436911383,-0.0433262916650342,-0.03526298175325362,-0.003947440021573235,0.008925117889772382,0.003835268791275362,-0.01395031728521881,-0.02767043182548602,-0.03575175078138283,-0.014673847256711389,-0.0012211128770629486,0.01259221578382124,0.00041576519232523724,-0.00801155222344543,-0.0232550123241794,-0.020482832739981666,-0.01289849087097164,0.00012129273503266175,-0.003692187991183674,0.004761577651162337,-0.005794816472410048,-0.001558970512197884,0.006335303659691682,0.00011415793672889668,-0.011927405953761783,-0.020887123941319738,-0.04810369229378642,-0.03558697200099668,-0.05714450164521782,-0.06136927334289564,-0.030297927531660346,-0.034210452979291886,0.002550891252725921,0.015761579970621494,0.017307680445951167,0.0005403230578552007,0.001214398583348679,-0.007733212629998482,-0.025400289762452278,-0.033628068463621784,-0.036030043352597824,-0.030953117325859765,-0.049391846089256786,-0.010854909371899844,-0.024718237074077293
-0.020261633872220523,-0.03475941255529137,-0.012033894642393048,-0.03010643545175947,-0.036549609642222605,-0.04914547960509068,-0.01999122151715995,-0.00657597989259078,0.0005786345966641813,0.0027984695864062964,-0.036212417968326846,-0.012687893676008598,-0.022547182686572208,-0.02463734953102268,-0.04171534099920176,-0.021246900542404887,-0.01316230394483551,0.007700093336252029,0.014773151619621755,0.03063728390575985,-0.0055873917144561285,-0.02970845009195338,-0.051389731731546595,-0.02121054866714271,-0.024091118947582597,-0.010855608727861227,0.02424658856254145,0.0026344473421447403,-0.0014248501232010566,0.007974419875574327,-0.022615427335001666,-0.0017208040687342915,-0.00045923636139286737,-0.021062714100463592,-0.02894888935389985,-0.039970612668026,-0.022324935666536917,-0.03342674024657319,-0.03584651390240364,-0.007968693737783212,-0.014384949619073033,-0.03334610405934465,-0.01643589962237313,-0.03722708172990477,-0.061014648266784946,-0.08505707784941963,-0.03847576143247172,-0.04092752803550515,-0.006135214630554045,-0.0025041420129299496,-0.02607247806670937,-0.042266031555627095,-0.049493367380677666,-0.031404729353210176,0.011192719323205832,0.008583444774749845,0.03408997084809904,0.002941700009469522,-0.00974173365702794,0.0029180908071025917,-0.006186838122192853,0.024779013398488963,0.028873018234314273,0.03854503543088541,0.04376051783648413,0.027494885141160587,0.035351833239266675,0.019440127304623925,0.0017519625280672433,-0.003657651015396536,-0.00854621901440182,-0.007956436320852356,-0.015087195172679235,0.011828001161468812,0.049555367656941386,0.06816800094725298,0.08261303147042501,0.09266856742839948,0.05003223259169255,0.031599883758013946,0.0031393304414706023,-0.01060809292552183,-0.005119205147368607,-0.019550369806569975,-0.009347162825492469,0.009165068774886575,0.015405263634687808,0.001473099942324948,0.03079001549213602,-0.025466564653267482,-0.0197897989018981,0.00580688182736093,0.012139880904824277,0.004653130910616446,-0.0005517520325605194,0.012341233581761769,0.0011770245531054994,-0.01233634663721754,-0.011985972432366354,-0.02290119579185238,-0.01918821539271022,-0.011770331841596796,0.006482485047181677,0.0005785181198243075,-0.0009980925567382552,-0.017843665352175433,0.01687918944300941,0.0037991455697779413,0.02694407058792348,-0.0010136566261713027,-0.007523489384281527,-0.017532325159524444,-0.016422914371541822,-0.010137175472048754,0.01624801658207618,0.02589592285903981,0.021951850724952437,0.007397041872680374,0.004839751905953683,-0.0013164679299015208,-0.02364333802998641,-0.04328782822610399,-0.03915003193879162,-0.05313975629514027,-0.029566163024606008,-0.02853976677563743,-0.034801553894899286,-0.027178391708410115,-0.003439058717362938,-0.007859453414547303,0.017714799796888704,0.02566133218744533,0.011532156131713147,0.006111463686903951,0.005762469138412021,-0.02046718847450908,-0.003256165571054784,0.006925700106478151,0.00472117890594712,-0.003509763519497494,0.010427350374294337,0.014263501437891849,0.014855861943978319,-0.006641190236360209,-0.00980665505827597,-0.030940848256040664,-0.028535276365068397,-0.01732615774521606,0.00556949928154804,0.016283184807166052,0.03330093236172243,0.0006731397752676782,-0.024144188716128646,-0.015074215785135436,-0.008805404304964974,-0.0065081226812470526,0.011616268745235699,-0.0002301540386012532,0.0075433278942610895,0.028867219485033745,0.03184540403356059
-0.02663762914126555,-0.014889208582425002,-0.026088431068821426,-0.03866106973564594,-0.02910185042370348,-0.02649470394353432,0.01200930391395961,0.01335358208067455,0.014684055914180932,0.014744135480132897,-0.011835194286502317,-0.014740189497409822,-0.002931170015545998,-0.002828239281957287,-0.0016167481601561048,0.007891151470778504,-0.027648316776016913,-0.022563934112562755,0.007521829956876486,0.028120727822524484,0.0429013910255908,0.042121182909551594,0.006954829446489119,0.009711628244529844,0.012587333832023137,0.019103967886952282,0.011760303940683885,-0.00533129388538763,0.01035031802506792,-0.003977842598356885,-0.0008458877605190291,0.028700596761047366,0.01884097263319797,0.0017891984031962848,0.008928902092848672,-5.675599721112548e-05,0.00675722389159227,0.01746152472634328,0.012115801884045029,0.006320524131947622,-0.004368835245989165,-0.004281220057097551,-0.011906333848483167,-0.00103170632510131,-0.04791116121886533,-0.03845564944797644,-0.07448800867693761,-0.030946714696445343,-0.010104242478079048,0.02283789540971584,0.03836664637014973,0.039328373865443536,-0.003786294912211237,0.01385182701321382,-0.002541274970794127,0.0019375217945314614,0.01786859309820995,0.020598010351761856,0.016749083892290153,0.047533011020374105,0.028480414794793952,0.0076720267791574644,0.014877908787121846,-0.016340839984311524,-0.0006234990934131157,-0.01226110075341307,0.0238930271966503,0.021959427314165142,0.017519278925830765,0.01967560094843632,0.036152249588019235,0.04169845007557579,0.05573430876366029,0.05374447602780279,0.06320778337273568,0.03701486594895402,0.035682808662392804,0.028026112267177633,0.02998399432229689,0.053765955936017865,0.05117131321071655,0.033888780010903355,0.027466044709378627,0.037816381877699666,0.038826425958036065,0.016849180825865902,0.016216411968438392,0.02401756169279009,0.005704062334992101,-0.006929525663335674,-0.005536225051172862,-0.01532171617041064,-0.007623033742629751,0.006469779071776196,0.00712124074611418,-0.005141625962987965,0.024446550254456384,0.0344223818137054,0.03262622243444206,0.01665474716630716,0.0153084493938502,0.010399889257333123,-0.0052871632141785595,0.015424097686936356,0.015822991098049962,0.0220618936148206,0.015604858559136315,0.004308710496945008,-0.012768781477833436,-0.012158485298360366,-0.0017557630477623507,0.005473745577621219,0.010790523416507275,0.03297522924213676,0.044032593676919696,0.054323563132830543,0.05936086125885117,0.03152947701534502,0.01906665787452937,0.02390733726140066,0.027760974471716854,0.011739432040550526,0.012358726364951245,0.03296911415013045,0.01921901812403953,0.018741256623406782,-0.005891112400634541,-0.0034576174809291364,-0.0037823619463904557,0.007164051493693843,-0.0006864996732603067,-0.023790253143673955,0.0043148373412313324,-0.029349401217015784,-0.009532053275419526,-0.03407949734929395,-0.034573703463053544,-0.06546405094131738,-0.03441036565427565,-0.0013793705811258165,0.01136642078191424,-0.002242667652814531,0.007507586217941256,-0.021027407759066134,-0.011121536732397897,-0.027667763607246924,-0.019769437099438302,0.018150283557370382,0.03411502076187647,0.03268197788631536,0.06370133489571014,0.06140091581074599,0.0548333346196717,0.026248734992591193,-0.010641822841257472,0.0169050122099736,-0.005855684014605097,0.007772569962113615,0.007175050210355008,-0.011745907680214822,-0.023410370316830353
-0.04163849991511714,-0.057888181486071985,-0.025734746443542976,-0.04568706840347623,-0.026866690432458006,-0.01408176393267387,-0.0369777249169647,-0.019885498202863165,-0.045385722626436815,-0.06795127941081358,-0.05230039213819532,-0.03490248543123612,-0.028675340560041184,-0.015364079089587188,-0.014916343939097599,0.01778867857814969,0.0018412074496618387,-0.02474812478618266,-0.008416713392197317,-0.002687635064074125,-0.006131595647228594,-0.03491283013084305,-0.03160453220442515,-0.013390364907993734,-0.040103444427647184,-0.014760102285746183,0.004306606553214512,0.031031743998151007,0.05086660829371795,0.020874445716446168,-0.033623336762028125,-0.034990314037353046,-0.029448148153035654,-0.010353385848660888,-0.01923591821500732,-0.020522389822307655,-0.0231485011290548,0.003046047074208453,0.02990513767303188,0.03130231498583433,0.009088636114711725,-0.03838393341423364,-0.031017018112696443,-0.015678905904955805,-0.03230747088821459,-0.020532124488356975,-0.015914421970466764,-0.0250044107599054,-0.013117879616589428,-0.05629954977982432,-0.05849707840307494,-0.04939091025154317,-0.01668942951593236,0.004151633298894256,0.04938462217367139,0.06533451866848003,0.053530321198361895,0.05957448597614591,0.008294880058581219,0.017338023434883325,0.007785061983259409,0.01742719321247025,0.012270226291852168,0.06330908312855912,0.06533070261025012,0.0677085744463162,0.08684436723511262,0.08325814008226132,0.08501105303699563,0.07207938672228072,0.03045174260668802,0.021361507507874706,0.0030664039285513965,0.003093492334457265,0.003313040570769848,0.0020126378163715744,-0.005133520171029291,0.015879419739985245,0.015904226640927593,0.025077594255363232,0.029568664744994255,0.014195370600394793,0.01085618801685841,0.025366790753764256,0.028620262354826308,0.019058820717201008,0.026857844687027437,0.027684035583661375,0.02035699370408068,0.0014394402556866122,-0.0023596882662575633,0.00036260797695345756,0.005062655566244434,0.002488571747912388,-0.009057140562252942,-0.02101511517041825,-0.0019067631773027228,0.03298258982876177,0.027823989811810713,0.010916100204860705,0.011529402720141236,-0.004121993866941062,-0.02803772684870571,-0.03868431690104167,-0.020816640809926443,-0.030612457061179304,-0.01646350847267702,-0.016906191911666892,-0.009209166909826493,-0.027282849544378446,-0.008628001356631393,0.019556461743135488,0.008334897948273908,0.024971766960149085,0.0012535083890387612,-0.0015250102587719082,-0.0017505948178458534,-0.012172861080720604,-0.006091001999551493,-0.010945117445692225,-0.012201882208067729,-0.006577376096125631,-0.003353986675681872,0.00976475341792329,0.013799599776573102,0.0041939151700593515,0.00838542489492149,0.02959126649127563,0.014500180162956535,-0.0031654075468442074,-0.010345932960404248,-0.01945910341529944,-0.01424707755953348,-0.04366272167273969,-0.03436214723788829,-0.019319757813641272,-0.038326574486839855,-0.01605010982090476,-0.0051493946631902335,-0.0025278474294937597,-0.0551601724056352,-0.017811981016115457,-0.04664168348297716,-0.03646175754864441,-0.027152917025477848,-0.015161104975960366,-0.00851699503518542,-0.04568080728214314,-0.06170199538360381,-0.040738405612543466,-0.04567449327004115,-0.0316357607214386,-0.05405086294664607,-0.006571011704871181,0.01007605167812706,0.016634181587521356,0.026079693804136293,0.01437309062668827,-0.0076883971543237175,-0.012603469835402234,-0.008927539654476483
0.012683878149912075,0.005139413942929187,0.014873063625579983,-0.03140296227446434,-0.04394510803667609,-0.023526474809238297,-0.03871842103987012,-0.032289283596720876,-0.017856157785071054,-0.009472336070185666,-0.008952718449425346,-0.0005472664196099896,0.00020524460089406393,-0.005114365056093248,-0.006103748282453055,0.012625891694383773,0.02163019969720514,0.030259961863576712,0.05545293274318795,0.030241290817632095,0.0394673431455497,0.0035343074747559294,0.0021088094396351843,0.02466095594854006,0.009078307307200346,0.0008339486313532582,0.003609199099316426,-0.00906203640429348,-0.026985051249999403,-0.033804484506511086,-0.028075719364286867,-0.00930502988610232,0.004167108528683608,-0.025410604825783063,-0.012896881721874495,-0.01369577409341446,-0.047154365722447536,-0.03128950344427398,-0.03904113263485752,-0.02160426892262184,-0.02234785033476693,-0.004084814196101118,0.0093885048068643,0.00360008433650289,-0.0019662527824463676,-0.021348759422247204,-0.038160042608215344,-0.029781422488303573,-0.06498679103415654,-0.016530611580212313,-0.013700000938111908,0.0009821002915416232,0.009095897806148296,-0.02117277675110331,0.0074254554881440105,0.018044154638733857,-0.002832976441655989,-0.02282618700629812,-0.032511657325885505,-0.02382707176799976,-0.010903694194054906,-0.005287532864667661,0.013978847638869788,0.023958239894776582,0.00180966293699876,-0.019064323305483216,-0.04498375051885205,-0.056429573353664074,-0.03682443255682597,-0.02232258647901473,-0.005766851468852745,-0.004657256677831132,-0.01971228328490231,-0.04213359699256422,-0.03056492467312319,-0.025241847822393183,-0.01645549478861647,-0.00983000659849318,-0.026388264206777097,-0.016908259014574933,-0.013926789996953959,-0.005226152963655117,-0.0052596259956302046,-0.010707283373628652,0.020941711365515085,-0.023350953890071947,0.00608772566034823,0.004142212744073613,0.0417204309773005,0.053357127322430455,0.07120161426376061,0.06037980219507592,0.06026853680938773,0.06446915917740244,0.036649673579346134,0.03064042256831031,-0.026693717900322978,-0.0349512750249996,-0.03775533278042385,-0.004904186597493783,-0.02366955177914945,0.0049574647174079655,0.0013235954539932168,0.006372262707917858,-0.003086575668265871,0.008351202599131696,0.006700840987177113,0.0027963816636926513,-0.012560213551215579,-0.009645452228927126,-0.010934698567113734,0.006201917485713958,-0.011166556491578154,-0.03532370594443196,-0.0412634240410635,-0.014266375136014453,-0.03670437238340328,-0.01218759924420353,-0.023265495152535218,-0.028932426067276612,-0.003400385097288092,0.02860249983156347,0.039148577471068056,0.02518606143843629,0.02289563431691736,0.015423895244665142,0.013450185802632663,0.02958125040659444,0.044785710213198084,0.03128375648933679,0.036850899876497,0.030626265749460164,0.02295026514051732,0.01509672738145594,-0.017083950246268666,-0.006771874253582574,-0.00784325352212822,-0.0024196341494262335,0.027347131147929728,0.019815739852391087,-0.002105117030794707,0.012573518407072857,0.005738697083226187,0.013424499895921455,0.04009076666512992,0.05295204124204793,0.02678070876808153,0.008108174276454239,-0.02214892791180103,-0.016471263329008286,0.012339903633429128,0.006142409328225647,0.02129552890394452,0.023089228077007144,0.01110394429126382,0.03022253605221617,-0.004329120485200221,-0.02653823225610873,-0.03128813218828478,-0.02694699133662968,0.014061340389463942
0.005933788990561374,-0.0027902298639893956,0.0007430837741849893,-0.002416346071257518,0.018297489684669394,-0.0059720250619765426,-0.018355064761543406,-0.002694483135960371,-0.00813419965627515,-0.009448188961059114,-0.0025713426163136805,0.0042778392935941875,0.001424356436461112,-0.0158278246273408,-0.03443456109271514,-0.021672460388249527,-0.056032264107748676,-0.0650610966211858,-0.0393745026281892,-0.05409982643383967,-0.06643080189446987,-0.06589012479734654,-0.05089815427279003,-0.06567990662274197,-0.021663645235871623,-0.02352820812054999,-0.026575138514345426,-0.02943162362745158,-0.02117259551231624,-0.02508566498357619,-0.058746672559576586,-0.030055282612204415,-0.018591675719040423,-0.028898843380976702,-0.03216135176117179,-0.02714491137659015,0.0200672211561566,-0.011797004059496803,-0.0071977395817702915,-0.004744480834421189,-0.03683482790941916,-0.026149185806936426,-0.011024501676224999,-0.03542824137292287,-0.034271977913396076,-0.031351685697248846,-0.029431567315744235,-0.00708943125361622,-0.011006371046133575,-0.02823160079468138,-0.03456411334051167,-0.010847895492587278,-0.04209602735972877,-0.028082872103334888,-0.0022257365989648186,0.004356510657945653,0.009305190912523253,0.015061237334431626,-0.03373082473738772,-0.011881123147476193,-0.01027741773090884,-0.008620790577907645,-0.003824709370282063,-0.0010021874011930804,0.020064366496585783,0.01841408277156962,0.02905854035910726,0.05368549240242222,0.07940937851942756,0.09382430212553021,0.08165395867643986,0.08045517598383085,0.06574076481322791,0.08360122620757157,0.06692274491622283,0.06006712744510369,0.07026428530554842,0.06256318386166017,0.1033190516410963,0.07510776819290146,0.08623235338842819,0.05691750982269006,0.058431559076726335,0.026989726999104513,0.016796321769358406,0.022533728235359964,0.04790979808928465,0.01472034355788486,0.013667076063916145,0.009065718201804795,-0.032911725887496454,-0.032682149457828547,-0.027013770392731885,-0.029012399670421084,-0.033309818838322736,-0.027605235013507562,-0.036348572537298895,-0.00799136888579705,-0.0033083223853359683,0.00980756305283999,0.025159815893270147,-0.001837610917782739,0.004992701215250855,0.024393001564797505,-0.04144892670133824,-0.013315378564568037,0.010728293312746748,0.011200208821731273,0.025714323377450454,-0.003842361858085323,-0.01896268889270031,-0.028973233521725438,-0.018942639596199674,-0.030839872606618253,-0.014052087971119478,0.0008566249528672478,0.00524371802021917,0.043600284543771094,0.017122027271706315,0.014581228680955469,0.0429382893373569,0.01803628218094655,0.009568186508023116,0.002087874994284855,0.007545266168027885,-0.008750381764861212,-0.0055950947910872436,0.0034107761118710284,-0.0018292779452854298,0.011368286291408226,0.01968360579837557,0.011158631166815338,0.0019972462790871777,0.006401622107283099,0.0012469776055848646,0.04690912040989664,0.030692965386635147,0.02043565973984556,0.005649141440722496,-0.011772145561571745,0.004724568922173951,-0.026139844581360462,0.004455736698790189,0.014636035774977182,0.02226134989615377,0.02711892904802532,0.017710132456772727,0.049616922362986746,0.017994863347329818,0.029993546937471905,0.06317852690720861,0.07038117099811851,0.06015429823840426,0.042652395696140565,0.0616826975065075,0.0479956995389055,0.038507692401339506,0.04376202507245669,0.05541224118675081,0.050192567010759095,0.06252065163183694
0.012144297236762958,0.017231505271777144,0.006824961723077392,0.002552331536502904,0.008975317156074641,0.040704128272208345,0.009704609284758048,-0.004625466198382844,0.002427703046498306,0.013122382107632263,-0.0015939838580842588,0.0126504497359791,0.03355663264057417,0.040556812181044184,0.004199341045898782,0.005065436485122693,0.009808200994788302,0.008380224576730554,-0.014730949539843774,-0.012836012659551279,-0.026582700256656582,-0.022777664395764483,-0.026407769298634965,0.0052590906545445975,0.0070268326611378175,-0.0012951409355390741,0.004448418330472374,-0.030677399198933576,-0.0030739700315645636,-0.026601385757841278,-0.028112652231829453,0.009138081704917693,0.015466177486561053,0.015380800700161793,-0.03605225468937736,-0.014189519511474536,-0.020777101004749266,-0.015401669469470894,0.003455986035162187,0.00027407580575735947,-0.02752940996806228,-0.02451909720747611,-0.033416743504461034,-0.024919770669851734,-0.010869472733964648,-0.02425658759643797,0.014004650234991265,-0.002489124337357443,0.012445209193379369,0.012861788035718366,0.01885723569093564,0.0022308805426734966,-0.006449408350018049,-0.005940182859941819,0.008369435793013927,0.0012237846717341662,-0.004932945489603,0.013891197372154548,0.032091926441247046,0.047459833711864054,0.032515520155411884,0.03314001789874112,0.007292094861398162,0.013538299245336467,0.004434960631495436,0.02187150502168634,-0.013169850444222536,0.008772268301336459,0.013573992707471621,0.045680221429315,0.06134843455384591,0.07537437792952603,0.04741615760206732,0.031728962265517795,0.020892167166897752,0.016356687143680087,0.01926588890423146,0.016644857903146053,0.00555034733276135,0.05210484595268583,0.043471523363378214,0.02796139087336611,0.036871247451289835,0.039707820777101104,0.03776308292985515,0.027207802266671112,0.0379849940505144,0.01688616045923037,0.019001630019055984,0.0075825533611012155,-0.0017059178033834727,-0.02352591834335042,-0.018141805227578293,-0.026610718913137293,-0.03013204343498662,-0.020185534756779373,-0.0014025202383256105,-0.0030713459783234752,0.015602617806251759,0.005444018933805346,0.006768786261101054,0.04960301029235042,0.05438979714135047,0.06309389644696033,0.05522888445016396,0.017018320525110837,-0.005191788339223158,-0.010690438688290695,-0.00229184589132167,-0.02531501649898878,-0.004785249298544575,0.0014028436686592152,0.006464653346087326,0.002784136921546496,-0.006451869733741894,-0.005658969389212237,-0.01577129390324023,-0.012414250167295936,0.0016732781112118885,0.010310917055209761,0.020639966308614414,0.004468057489603801,-0.01903368198593234,-0.04014773980149156,-0.011664211019164579,0.01889532443470037,0.010263534773922025,0.009446124723111222,-0.0032360114798167606,-0.032291555923637236,-0.023138494750481586,-0.028044665664320047,-0.03355951569292985,-0.007681826818476481,-0.006956573860590111,-0.002061773430203179,-0.017147756729053776,-0.01959019338045192,-0.01094662249420011,-0.01118817959541427,-0.015027074146528773,-0.025856565606136674,-0.01864396427349297,-0.001987424314766417,-0.01818102790572324,0.016575830567371934,0.010752950573707702,0.027712451746180776,0.05107471245019274,0.03464353543383928,0.0252972717969345,0.025937910190663487,0.028034876420208694,0.01884412552994149,-0.0036284277501304153,0.01909487954436004,-0.0011019996216952044,0.0001455462602246549,0.01229054952155616,-0.0015286527359241054,0.0043555659116531085
-0.021857791651779875,0.001416693050710835,-0.0008312501010280887,0.01688739342249923,0.008607115466363838,-0.002043325452542888,-0.011823955979452882,-0.02764491990428119,-0.03140639183461547,-0.033625519637831634,-0.059385674538270296,-0.05182280692861583,-0.05162911255603329,-0.04704266423664161,-0.03429599147234298,-0.008787831576998657,-0.03564780651429183,-0.024667877557752495,-0.010717695966791164,-0.014111901919404451,-0.004132499253142814,-0.005278633977623315,-0.021389303280105874,-0.03748293518519034,-0.052989658429341426,-0.036695186763144434,-0.0523862089958005,-0.03845415929995035,-0.02882291163392563,-0.027173734182232685,-0.0010884771586628147,-0.029474887027497232,-0.01726494288106497,-0.006199763785016633,0.01546317724026346,0.0022951997234922617,0.00014005128177966807,0.0005569994432526023,0.015103710715930894,-0.01820347082607644,-0.0007257512139559067,0.015752134401448036,-0.0006927809207521636,-0.0027545336166042798,-0.015410322369169338,-0.00201377741467063,-0.010892064824248655,-0.01607076070874536,0.016161974115161896,0.030135139868365513,0.0432314836210661,0.04283151743957877,0.032125085550644625,0.017072471802394622,0.027019459913849693,0.021294119102906555,0.036765449018340515,0.06206666068623186,0.05612231022461907,0.04167586404692285,0.022322728449826083,0.004743479653627809,0.0086046926429243,0.02249772828241774,0.018610035786545923,0.033695420592040934,0.04379208996770147,0.04555424285673086,0.03338625569450104,0.026221620103016364,0.025127464578298876,0.02214527162089925,0.027599101174924912,0.011440901708041863,-0.021169104454867034,-0.020955364488233725,-0.0027055295568954064,0.0017978647006914304,0.01285069103576405,0.014268497512839318,0.0024473589586259,-0.014068000406012832,-0.018301127570911065,-0.03450174203633385,-0.040436518088693287,-0.0063089811068489056,-0.01061671486496562,0.018199175160026993,0.005736709642800583,0.04547088394447572,0.05325726990591971,0.037873299208647015,0.023817306259212745,0.03899160056821491,0.007651518667322071,0.004184332770971663,0.005522654541640863,0.007909490418598574,-0.01018600758142753,0.013546775873494598,0.00991782208223391,0.00028483115150584605,0.004992313515814771,-0.004207537939112918,-0.003438158972381035,-0.03386628476337446,-0.021932187507790336,-0.03436560148388896,-0.025194928636616425,-0.049992447214446255,-0.0757365698260957,-0.04509170434072449,-0.004170963671507834,-0.0013049413214008573,0.020465522083606916,0.01711155431989484,0.01052203917939311,0.02360018686502625,-0.009155081951022593,-0.028727041459805574,-0.045522360183340146,-0.05002239602710359,-0.07658496084809344,-0.040961760541385714,-0.051212247441049866,-0.05088745831945172,-0.02765365385171429,-0.02332387890545109,-0.018877866485284167,-0.005124625090074962,-0.004956449124699424,0.012838720556328764,-0.01319614285707163,-0.0012608828058774245,-0.03237848038499577,-0.026736351698575595,-0.016299333046174657,0.0007339916713281483,0.007769546129036605,0.022621917764712278,0.026699540671420795,9.842626284436544e-05,-0.013034883780209585,0.0024205172163734175,0.023225758367802458,0.014106632595191525,0.029059909545086283,0.0073630443469447195,0.01708923394359023,0.009250666117466392,-0.0010255599184549693,0.012299505920125589,0.02004948221485815,0.022343533509434556,0.048342016038381216,0.04629333603646314,0.05287088147134483,0.06689721640944225,0.03372880071757532,0.029270933144597926,0.017050710079136278
0.0192872668382365,0.018210681777157886,0.016432507248446502,-0.01070045340730313,-0.009403632049595758,-0.022168049936727878,-0.007569124033773025,0.023392973960471432,0.03787434115607373,0.033317228197134494,0.023877934930050092,0.024555351135020966,0.018501835271921206,-0.0010671925991338177,-0.005564707359959462,-0.03400607522771891,-0.014631247405049123,-0.011784803590724972,0.002199319608867957,0.0035314332317110757,0.021494579208360908,0.012419036261943768,0.020529256750762986,0.022132486209725716,0.01541733542479613,-0.00267920229571868,-0.0288976434657389,-0.006476115575006987,0.009713304447039935,-0.01709098821495518,-0.002614330212502064,-0.006580011020523918,-0.02086375536214264,-0.023727475261444725,-0.03874570681720147,-0.04597382614423971,-0.044075627486168355,-0.023520795042141475,0.006804724069634291,0.016379709638258855,0.002024662980437303,-0.027647879359978783,-0.03128130182264459,-0.028671234666559776,-0.018002353906866962,-0.016516680009579017,0.0033085839109968235,0.008415376364670622,-0.012914732271723494,0.005000604008558765,-0.001587878191609038,-0.0036562880795053742,-0.0036178040932094784,-0.0008531459656264991,0.0051332586923760505,-0.012830461637995273,-0.008771575199524114,-0.010790017353160557,-0.01521045063250974,0.02762989922628025,0.0278091730316207,0.00439168235568595,0.005487420289408055,-0.02271810089314546,-0.0533722589878313,-0.05168018696899951,-0.0334860447711961,-0.020217317741075484,-0.011890812078779216,-0.00290959829139658,0.020560729277243207,0.01869921082503647,-0.003056483760632632,-0.00040482968322401864,0.0041737813144196835,0.010330778697423998,0.03646248684627875,0.04173825663553198,0.017183813159723504,0.0029529775742209675,-0.010702536337018804,-0.009589443112702597,0.0076526960908983675,0.023999453012644677,0.03691430649902685,0.03962066790859209,0.042592656178803825,0.01891807125791562,0.022237551678809135,0.02643451367090325,0.013546890706793827,-0.006130871465027396,0.015332579661668963,0.03171373987489902,0.0050702118161531085,-0.0012487081409866152,0.00386638204984966,0.002175727845000565,0.006012769103793116,0.013653516980258249,-0.00981784774684628,-0.009726884275526138,0.01632234248193031,0.018918365403259883,0.022306733268300794,0.045351581002882786,0.04068120135814301,0.031079612438950622,-0.0002238990460202539,-0.025603905248429926,0.006713262054601829,-0.005418783245718515,0.004117579891903203,0.003986416762736371,0.01504609043309837,0.012530597020401307,0.03357519843974029,0.01711181333342674,0.0209684690006793,-0.014805292559603833,-0.02275450649662099,-0.007774589418520281,-0.03650000912317426,-0.00526785703619989,-0.012598695902733653,-0.03272291422508068,-0.035176243954516344,-0.06129478329044482,-0.05151160076736035,-0.037090391668604825,-0.04010830390201182,-0.03259757981320756,-0.051945484737696335,-0.044586541564353974,-0.08705948363403775,-0.018311287030315454,-0.0033270054656545757,-0.0022743856394005983,0.02901630720273627,0.015915801520806384,-0.0012705212528762197,-0.005441072253027522,0.008416537612618851,-0.014230204381282132,-0.014417393330166492,-0.01546944521984676,0.008170291105564536,0.02488516092539944,0.01267553645048291,0.009260385433773924,-0.045488435753505155,-0.020672296299130005,-0.004261778283502571,0.0028737188425970394,0.03677826397214799,0.008273391286091947,0.02193935602452483,-0.0036471518942735085,-0.005341730692843582,0.001869404164538392,-0.044161959470032305
-0.03395249320925644,-0.025271932802461254,-0.01980792038535027,-0.013428480538371392,-0.004288998521462224,0.031196594204164707,0.02266635646786882,0.04669388951299932,0.030840585312360502,-0.005077701580767438,-0.016076615844450016,-0.014944039689573432,-0.009306921212612415,-0.004671670916019488,0.013684072655723236,0.0056716702786329095,-0.0050171928496018404,0.024955921368468893,0.0023936575038398496,-0.02786119463053082,0.033663035406365886,0.010675750497674052,0.01837028536038183,0.015825794659770197,0.009155271775244736,-0.031895004440272046,-0.02578417432601805,-0.04005281704673293,-0.03229990889498971,-0.003995343178125974,-0.02930368645675424,0.0014573134236220866,-0.017585278356252898,8.24010092079979e-05,-0.010381852301203826,-0.014402291888646718,-0.006180789173936245,-0.02616887699478156,-0.037730968061055095,0.009215090543519908,0.013611357354746528,0.00482258168754153,0.0020874836806632226,0.0016474011671898166,-0.011918177785356617,0.002366127035344881,-0.0023537308984570315,-0.02025794230187557,0.010060200685703746,0.02344966050258665,0.010524177913140632,0.01601751427127187,0.0047353122467291104,0.02707707358041191,0.01565418577662625,0.030764665525844066,0.03620409642231516,0.02469091858864094,-0.0014648216066230125,0.011814981806314347,-0.02351574963017508,0.006651037159249173,-0.005517414325383024,0.006427402413280705,0.014736863630023156,0.023790023268770083,0.04536079970832173,-0.0025634201131991296,-0.04270076551704706,-0.040224399150111265,-0.06304700931417304,-0.050313971722142956,0.0053953430073082195,0.04406607124396491,0.08090798056055795,0.06065593271267267,0.02239321411091671,0.026236488280402905,-0.01632964828806479,-0.05183012659385637,-0.03971551476214104,-0.050177150037541404,-0.04405876691740031,-0.037542267725637,-0.023970962117120548,-0.03429615916769316,-0.009400659276364588,-0.015372473700365269,0.0014864678035300713,-0.005348480988327988,0.004885150040038358,-0.00883473954357904,0.01769910816677763,0.019672297392441532,0.013644141987754732,0.02214441940466159,0.01918875139930442,-0.00436640059924507,0.007653938135884247,-0.022975642468022996,-0.03949909078175227,-0.00037944676935327827,-0.026798717234434305,-0.02196492529419299,0.0015787289444021478,0.020183944457031627,0.03461001830761422,0.030283949249022068,0.001664660410618781,-0.02071490050242147,-0.016740905015107933,-0.01330786445803194,0.023597630966409645,0.02334630393334094,0.030219786890104634,0.019522672621002907,0.021438240936191576,0.012615392227676214,0.03818368399448611,-0.008097837874887676,-0.05628787021479893,-0.0525950653845208,-0.052460129714783345,-0.018282399126395656,0.0007554401987776817,0.01564149824107913,0.0123828534672884,0.006279383304404011,0.027224465629632398,0.01779114502002631,0.012977911822776,-0.017708598022198208,-0.018595888534940645,-0.019831680855784416,0.00447445286513604,-0.009144264443353547,-0.014856995424697646,-0.030887404180647254,-0.01289702736040429,0.015963747250975248,0.00787714084399496,0.007045419028506625,-0.028010120817273675,-0.008269353014739534,-0.033116408620612575,-0.033658697159230644,-0.020870627175745005,-0.0069480436548416446,0.03459938204807765,0.030329285424709702,0.01817442507632089,-0.01173122936430532,-0.05933159082683007,-0.038605811564500075,-0.026133663317458793,-0.0004551521685189264,0.002786910927319363,0.0020389004189919125,-0.022553692493088518,-0.031426470251146095,-0.06955814268434406
-0.04566431009251909,-0.06162937945372267,-0.014689618224001902,-0.03975975960869782,-0.01807675515317029,0.0121033819103802,0.031159400033410518,0.03203085428673523,0.020377543587602305,0.01587516572013099,-0.007160907306521186,-0.01833167748665393,-0.03465904494153119,-0.008642697518984437,0.04930619078669167,0.026625909320765445,0.020617232572897985,0.009230340540726852,0.005994739242434202,-0.021285834518592197,0.00808823860744103,0.025892414314156186,0.007097411322687153,0.005225396760614247,0.013633196789979396,0.0012342838311101244,-0.0016129083490282927,-0.0012370699831945361,-0.025627089789052992,-0.041164064094761275,-0.053328588115180244,-0.04569664714446709,-0.04194746079845672,-0.07112546209221259,-0.016536099564374088,0.010941855251554448,-0.006049330029282663,-0.004521918571973299,-0.015258550173321627,-0.024320744992730126,-0.05560675881050105,-0.030217480400675612,-0.06548848012391766,-0.02578225779119863,-0.01482785919742311,0.003413272599716756,0.004258298613425077,0.0322679371305234,0.028342953968973933,0.017692101545267937,-0.006077064800825343,-0.006703384409552352,0.006232145904021488,0.007858822617534896,0.03390809314110933,0.03771416633932976,0.00747349190370235,0.013770305286738494,-0.006859908149879669,0.03220492048142512,0.02867281586496965,0.02070719435662165,0.03872180416603206,0.04500351972804545,0.03352416533227857,-0.009800799877730132,-0.026164554427619592,-0.009524247009980521,-0.016358016809450093,-0.01886861642099915,-0.0044149323301935104,-0.02719763039699353,-0.011583179706394548,-0.02922737907593346,-0.06433183850034532,-0.07031130780124309,-0.07068802469606107,-0.04657237269528876,-0.03638305579486484,-0.0006279999694536788,0.014671829792069671,-0.014805141431719631,-0.008907501539654104,0.001486155656512643,-0.016529803729068048,-0.004465605236571668,0.0005057423145834131,-0.009593764688557067,0.008077223932187627,0.012097880443720451,0.014861365608296831,0.018914327887620673,-0.021131572963238872,0.010795870531122952,-0.013398696629692383,-0.03492177468787171,-0.02604427136995155,-0.047913231186981424,-0.06971781902323711,-0.06392564213614091,-0.02840183938254609,-0.02447145097749215,0.0017590651358173656,-0.005876996892087208,-0.019574096684980363,-0.03466004572179775,-0.02639261466126085,-0.016760311998573918,-0.03173686613888486,0.005952801484464929,-0.03474403859574167,-0.029156348871278825,-0.03055008839555875,-0.009655008127943517,0.005394414072960286,0.03617893379259044,0.028403951174960574,-0.008679250209229508,-0.00109824760029959,0.006531596227890318,0.01218103886439858,0.020111845429367288,0.012203649629999366,0.04020882142886667,0.05653767875203539,0.04075288699804652,0.01851853184446591,-0.011581531082770668,-0.01935061206939148,-0.015365554021366449,-0.00852530659293988,-0.010601474624956,-0.024154209727457503,-0.00614327300777941,0.002487011073465504,-0.04099273455820571,-0.027125708511391806,-0.029990504682998576,-0.01896965379125099,-0.009051475608096623,-0.023121422529344626,-0.0528185550214743,0.0003651529847540344,-0.006009220285958908,-0.028053570912948612,-0.04749696487631946,-0.013105451535918411,-0.011147596846731295,-0.0022659276338127714,0.007754712583133411,-0.008549868597355336,-0.01867839164692874,-0.04920932499374091,-0.035282153100832464,-0.02632381874560541,-0.032707578078536,-0.014605479890833115,-0.022282599093143438,-0.0024198668374605095,-0.012148395397641733,-0.0031119885239106566
